,date,sku,brand,offtake_dc,osa,csl,anp,sellin_dc,sp_inv_dc,sellout,sellout_revenue,sellout_price,store_distribution
0,2016-01-01,AC1,AC,85100.0,,,7054.47705078125,82063.0,,,,,5163.0
1,2016-01-01,AC2,AC,96270.0,,,7054.47705078125,127923.0,,,,,5163.0
2,2016-01-01,AC3,AC,317892.0,,,7054.47705078125,347308.0,,,,,5163.0
3,2016-01-01,AC4,AC,43050.0,,,7054.47705078125,35545.0,,,,,5163.0
4,2016-01-01,NC1,NC,109587.0,,,4796.49951171875,162712.0,,,,,5953.0
5,2016-01-01,NC2,NC,126885.0,,,4796.49951171875,152672.0,,,,,5953.0
6,2016-01-01,NC3,NC,625363.0,,,4796.49951171875,205607.0,,,,,5953.0
7,2016-01-01,NC4,NC,53570.0,,,4796.49951171875,65769.0,,,,,5953.0
8,2016-02-01,AC1,AC,68356.0,,,4423.21142578125,71625.0,,,,,4694.0
9,2016-02-01,AC2,AC,59789.0,,,4423.21142578125,69507.0,,,,,4694.0
10,2016-02-01,AC3,AC,175257.0,,,4423.21142578125,267067.0,,,,,4694.0
11,2016-02-01,AC4,AC,25480.0,,,4423.21142578125,27036.0,,,,,4694.0
12,2016-02-01,NC1,NC,76001.0,,,4680.5791015625,75835.0,,,,,5448.0
13,2016-02-01,NC2,NC,85542.0,,,4680.5791015625,62790.0,,,,,5448.0
14,2016-02-01,NC3,NC,305757.0,,,4680.5791015625,252589.0,,,,,5448.0
15,2016-02-01,NC4,NC,33433.0,,,4680.5791015625,39823.0,,,,,5448.0
16,2016-03-01,AC1,AC,85489.0,,,5554.443359375,73197.0,,,,,5801.0
17,2016-03-01,AC2,AC,98411.0,,,5554.443359375,77279.0,,,,,5801.0
18,2016-03-01,AC3,AC,310841.0,,,5554.443359375,363417.0,,,,,5801.0
19,2016-03-01,AC4,AC,41923.0,,,5554.443359375,77428.0,,,,,5801.0
20,2016-03-01,NC1,NC,114558.0,,,5973.99365234375,121126.0,,,,,7090.0
21,2016-03-01,NC2,NC,167661.0,,,5973.99365234375,155484.0,,,,,7090.0
22,2016-03-01,NC3,NC,626517.0,,,5973.99365234375,605490.0,,,,,7090.0
23,2016-03-01,NC4,NC,58079.0,,,5973.99365234375,61122.0,,,,,7090.0
24,2016-04-01,AC1,AC,97836.0,,,14981.3203125,129062.0,,,,,6268.0
25,2016-04-01,AC2,AC,113975.0,,,14981.3203125,100545.0,,,,,6268.0
26,2016-04-01,AC3,AC,361824.0,,,14981.3203125,300266.0,,,,,6268.0
27,2016-04-01,AC4,AC,51715.0,,,14981.3203125,45772.0,,,,,6268.0
28,2016-04-01,NC1,NC,99669.0,,,19555.6015625,22312.0,,,,,6634.0
29,2016-04-01,NC2,NC,126472.0,,,19555.6015625,87253.0,,,,,6634.0
30,2016-04-01,NC3,NC,527059.0,,,19555.6015625,463872.0,,,,,6634.0
31,2016-04-01,NC4,NC,54016.0,,,19555.6015625,85632.0,,,,,6634.0
32,2016-05-01,AC1,AC,83884.0,,,36136.3671875,14056.0,,,,,6167.0
33,2016-05-01,AC2,AC,140284.0,,,36136.3671875,117969.0,,,,,6167.0
34,2016-05-01,AC3,AC,308042.0,,,36136.3671875,412464.0,,,,,6167.0
35,2016-05-01,AC4,AC,42289.0,,,36136.3671875,40705.0,,,,,6167.0
36,2016-05-01,NC1,NC,91714.0,,,27711.0234375,112635.0,,,,,7082.0
37,2016-05-01,NC2,NC,174718.0,,,27711.0234375,92565.0,,,,,7082.0
38,2016-05-01,NC3,NC,631983.0,,,27711.0234375,976080.0,,,,,7082.0
39,2016-05-01,NC4,NC,61090.0,,,27711.0234375,60114.0,,,,,7082.0
40,2016-06-01,AC1,AC,78421.0,,,30825.298828125,61086.0,,,,,6902.0
41,2016-06-01,AC2,AC,68995.0,,,30825.298828125,87438.0,,,,,6902.0
42,2016-06-01,AC3,AC,418726.0,,,30825.298828125,189120.0,,,,,6902.0
43,2016-06-01,AC4,AC,57468.0,,,30825.298828125,53640.0,,,,,6902.0
44,2016-06-01,NC1,NC,119416.0,,,27888.24609375,130392.0,,,,,7807.0
45,2016-06-01,NC2,NC,88043.0,,,27888.24609375,136818.0,,,,,7807.0
46,2016-06-01,NC3,NC,747545.0,,,27888.24609375,616716.0,,,,,7807.0
47,2016-06-01,NC4,NC,87633.0,,,27888.24609375,85728.0,,,,,7807.0
48,2016-07-01,AC1,AC,100438.0,,,9544.845703125,118868.0,,,,,6958.0
49,2016-07-01,AC2,AC,81247.0,,,9544.845703125,51720.0,,,,,6958.0
50,2016-07-01,AC3,AC,331848.0,,,9544.845703125,377478.0,,,,,6958.0
51,2016-07-01,AC4,AC,36745.0,,,9544.845703125,35705.0,,,,,6958.0
52,2016-07-01,NC1,NC,109182.0,,,8102.10009765625,140682.0,,,,,7350.0
53,2016-07-01,NC2,NC,117907.0,,,8102.10009765625,98397.0,,,,,7350.0
54,2016-07-01,NC3,NC,373536.0,,,8102.10009765625,493657.0,,,,,7350.0
55,2016-07-01,NC4,NC,52184.0,,,8102.10009765625,69188.0,,,,,7350.0
56,2016-08-01,AC1,AC,103942.0,,,25882.5078125,121684.0,,,,,7492.0
57,2016-08-01,AC2,AC,104473.0,,,25882.5078125,67575.0,,,,,7492.0
58,2016-08-01,AC3,AC,418723.0,,,25882.5078125,417505.0,,,,,7492.0
59,2016-08-01,AC4,AC,60684.0,,,25882.5078125,54221.0,,,,,7492.0
60,2016-08-01,NC1,NC,102577.0,,,10749.775390625,106840.0,,,,,7844.0
61,2016-08-01,NC2,NC,119792.0,,,10749.775390625,106966.0,,,,,7844.0
62,2016-08-01,NC3,NC,564775.0,,,10749.775390625,893189.0,,,,,7844.0
63,2016-08-01,NC4,NC,73853.0,,,10749.775390625,45068.0,,,,,7844.0
64,2016-09-01,AC1,AC,115837.75,,,24952.240234375,129857.0,,,,,9322.0
65,2016-09-01,AC2,AC,152973.75,,,24952.240234375,239216.0,,,,,9322.0
66,2016-09-01,AC3,AC,540588.5,,,24952.240234375,723053.0,,,,,9322.0
67,2016-09-01,AC4,AC,58729.0,,,24952.240234375,93682.0,,,,,9322.0
68,2016-09-01,NC1,NC,120205.25,,,24812.3828125,165927.0,,,,,9701.0
69,2016-09-01,NC2,NC,143160.5,,,24812.3828125,207956.0,,,,,9701.0
70,2016-09-01,NC3,NC,692878.0,,,24812.3828125,711108.0,,,,,9701.0
71,2016-09-01,NC4,NC,78959.25,,,24812.3828125,103235.0,,,,,9701.0
72,2016-10-01,AC1,AC,131649.75,,,0.0,139130.0,,,,,9029.0
73,2016-10-01,AC2,AC,140384.0,,,0.0,159414.0,,,,,9029.0
74,2016-10-01,AC3,AC,518636.75,,,0.0,622914.0,,,,,9029.0
75,2016-10-01,AC4,AC,67689.0,,,0.0,102866.0,,,,,9029.0
76,2016-10-01,NC1,NC,128416.75,,,0.0,182640.0,,,,,9207.0
77,2016-10-01,NC2,NC,139928.5,,,0.0,161758.0,,,,,9207.0
78,2016-10-01,NC3,NC,623591.5,,,0.0,618080.0,,,,,9207.0
79,2016-10-01,NC4,NC,84608.0,,,0.0,148452.0,,,,,9207.0
80,2016-11-01,AC1,AC,121092.75,,,0.0,111197.0,,,,,9625.0
81,2016-11-01,AC2,AC,146988.0,,,0.0,157218.0,,,,,9625.0
82,2016-11-01,AC3,AC,734028.0,,,0.0,527994.0,,,,,9625.0
83,2016-11-01,AC4,AC,102808.25,,,0.0,70413.0,,,,,9625.0
84,2016-11-01,NC1,NC,138787.25,,,0.0,123684.0,,,,,9767.0
85,2016-11-01,NC2,NC,152383.0,,,0.0,119936.0,,,,,9767.0
86,2016-11-01,NC3,NC,1103149.0,,,0.0,769700.0,,,,,9767.0
87,2016-11-01,NC4,NC,152879.0,,,0.0,93301.0,,,,,9767.0
88,2016-12-01,AC1,AC,95205.25,,,0.0,291249.0,,,,,8038.0
89,2016-12-01,AC2,AC,103436.0,,,0.0,226105.0,,,,,8038.0
90,2016-12-01,AC3,AC,362576.0,,,0.0,811454.0,,,,,8038.0
91,2016-12-01,AC4,AC,57805.75,,,0.0,91117.0,,,,,8038.0
92,2016-12-01,NC1,NC,92301.75,,,0.0,250229.0,,,,,7670.0
93,2016-12-01,NC2,NC,85143.0,,,0.0,230968.0,,,,,7670.0
94,2016-12-01,NC3,NC,396387.0,,,0.0,765226.0,,,,,7670.0
95,2016-12-01,NC4,NC,71083.0,,,0.0,102861.0,,,,,7670.0
96,2017-01-01,AC1,AC,181699.5,0.8700000047683716,0.8399999737739563,9058.24609375,55788.0,13961.999027252195,98698.0,23929297.0,372.3910313901345,10631.0
97,2017-01-01,AC2,AC,173097.7421875,0.9100000262260436,0.8999999761581421,9058.24609375,16541.0,20198.0,81099.0,19729215.0,364.8322516225662,10631.0
98,2017-01-01,AC3,AC,665104.25,0.9300000071525574,1.0,9058.24609375,266495.0,107671.99951171876,387130.0,76295738.0,309.03048462741015,10631.0
99,2017-01-01,AC4,AC,85842.0,0.8600000143051147,1.0,9058.24609375,52519.0,29958.99789047241,45749.0,9180542.0,245.82423335826482,10631.0
100,2017-01-01,AP1,AP,4440.0,0.699999988079071,1.0,2329.780029296875,2790.0,6561.0,2844.0,2224242.0,1423.695652173913,427.0
101,2017-01-01,AP2,AP,4577.0,0.7300000190734863,1.0,2329.780029296875,924.0,6981.0,3191.0,2449374.0,1014.2372881355933,427.0
102,2017-01-01,AP3,AP,8256.0,0.7400000095367432,1.0,2329.780029296875,7416.0,22561.0,12126.0,7705677.0,1070.2307692307693,427.0
103,2017-01-01,AP4,AP,7.0,,,2329.780029296875,,,,,,427.0
104,2017-01-01,NC1,NC,211959.5,0.9200000166893004,0.9800000190734864,7419.00927734375,126468.0,75786.99514389037,119817.0,24120332.0,322.63742203742197,10784.0
105,2017-01-01,NC2,NC,171749.25,0.9200000166893004,1.0,7419.00927734375,95863.0,90596.99591064453,82472.0,15868372.0,274.0191347753744,10784.0
106,2017-01-01,NC3,NC,760491.59375,0.9300000071525574,1.0,7419.00927734375,430489.0,232769.9940471649,425393.0,68047948.0,247.42863996162149,10784.0
107,2017-01-01,NC4,NC,117637.5,0.8600000143051147,1.0,7419.00927734375,72586.0,34051.99803161621,56265.0,9606688.0,204.43215434083598,10784.0
108,2017-02-01,AC1,AC,144708.75,0.7699999809265137,0.7900000214576721,8508.3115234375,146226.0,13294.0,46081.0,13745604.0,412.75535939470365,9510.0
109,2017-02-01,AC2,AC,151476.25,0.8399999737739563,0.7300000190734863,8508.3115234375,144681.0,18829.99901223183,55540.0,13870399.0,370.80569306930687,9510.0
110,2017-02-01,AC3,AC,409716.75,0.9300000071525574,1.0,8508.3115234375,416430.0,188905.0,150109.0,33087103.0,296.8612811097512,9510.0
111,2017-02-01,AC4,AC,59760.5,0.8700000047683716,1.0,8508.3115234375,56062.0,19377.0,22367.0,4932440.0,236.6066746126341,9510.0
112,2017-02-01,AP1,AP,10927.0,0.8100000023841858,1.0,2000.614013671875,18300.0,6215.0,8195.0,3746579.0,830.8839285714287,669.0
113,2017-02-01,AP2,AP,10434.0,0.8100000023841858,1.0,2000.614013671875,12408.0,4959.0,6579.0,2832627.0,744.8775510204083,669.0
114,2017-02-01,AP3,AP,18600.5,0.8500000238418579,1.0,2000.614013671875,26310.0,29385.0,9409.0,2887128.0,453.14772727272725,669.0
115,2017-02-01,AP4,AP,687.0,,,2000.614013671875,8844.0,2910.0,1104.0,1237659.0,6230.142857142857,669.0
116,2017-02-01,NC1,NC,163437.5,0.9100000262260436,0.7799999713897705,5285.23876953125,116765.0,37874.99600219727,65757.0,12897728.0,305.66562173458726,9768.0
117,2017-02-01,NC2,NC,189936.5,0.9300000071525574,0.9800000190734864,5285.23876953125,226216.0,92459.99798583984,100059.0,19753943.0,298.7007200720072,9768.0
118,2017-02-01,NC3,NC,465748.5,0.9300000071525574,1.0,5285.23876953125,417884.0,276873.9959716797,175495.0,29045272.0,229.88493253373315,9768.0
119,2017-02-01,NC4,NC,84046.5,0.8700000047683716,1.0,5285.23876953125,113336.0,50255.0,29966.0,5880259.0,210.5885262116716,9768.0
120,2017-03-01,AC1,AC,176248.0,0.7799999713897705,0.7599999904632568,10623.00390625,197981.0,13321.998992919922,81262.0,20015998.0,377.11919005982514,11008.0
121,2017-03-01,AC2,AC,165607.75,0.8299999833106995,0.9499999880790709,10623.00390625,173414.0,17182.998779296875,74607.0,17991624.0,325.89552862515666,11008.0
122,2017-03-01,AC3,AC,705169.71875,0.9300000071525574,0.9700000286102296,10623.00390625,679423.0,227227.00024414065,340841.0,66625859.0,286.0853981236469,11008.0
123,2017-03-01,AC4,AC,94806.5,0.8600000143051147,0.75,10623.00390625,84271.0,24514.9990234375,32228.0,6667588.0,233.4100895036615,11008.0
124,2017-03-01,AP1,AP,19738.0,0.8600000143051147,0.7699999809265137,4491.05615234375,25170.0,4359.0,11189.0,4691139.0,594.5706666666666,1888.0
125,2017-03-01,AP2,AP,22125.0,0.8500000238418579,0.8100000023841858,4491.05615234375,23899.0,4513.0,11168.0,4885316.0,597.0403225806451,1888.0
126,2017-03-01,AP3,AP,44566.5,0.8999999761581421,0.9300000071525574,4491.05615234375,50300.0,28185.0,26453.0,9744166.0,546.377938517179,1888.0
127,2017-03-01,AP4,AP,4927.5,,,4491.05615234375,17520.0,7400.0,4819.0,1784313.0,641.1136363636364,1888.0
128,2017-03-01,NC1,NC,150966.0,0.9100000262260436,0.75,11268.0361328125,176221.0,63921.99447631836,62554.0,12898057.0,284.1077605321508,11248.0
129,2017-03-01,NC2,NC,166283.8828125,0.9200000166893004,1.0,11268.0361328125,155143.0,70164.99641227722,77991.0,14364813.0,251.17044145873317,11248.0
130,2017-03-01,NC3,NC,869797.25,0.9300000071525574,1.0,11268.0361328125,669834.0,148785.99499511722,393871.0,63565167.0,247.71701890989988,11248.0
131,2017-03-01,NC4,NC,137410.5,0.8700000047683716,1.0,11268.0361328125,116166.0,33871.998428344734,44226.0,7526024.0,204.94094993581515,11248.0
132,2017-04-01,AC1,AC,159895.0,0.7900000214576721,0.9900000095367432,7533.56103515625,176832.0,13166.513969898226,76851.0,19595109.0,396.25676937441636,10635.0
133,2017-04-01,AC2,AC,190119.0,0.8000000119209291,0.959999978542328,7533.56103515625,217722.0,14685.729015350342,87793.0,21640563.0,379.3676961602671,10635.0
134,2017-04-01,AC3,AC,497486.25,0.9200000166893004,1.0,7533.56103515625,556944.0,245543.931640625,216795.0,44554799.0,312.76204920795413,10635.0
135,2017-04-01,AC4,AC,57272.75,0.8299999833106995,0.4900000095367432,7533.56103515625,12000.0,11942.83203125,6403.0,1370053.0,217.6536502546689,10635.0
136,2017-04-01,AP1,AP,18977.25,0.7699999809265137,0.8000000119209291,30078.146484375,12480.0,1377.7739887237549,4708.0,2520703.0,574.8090909090909,2343.0
137,2017-04-01,AP2,AP,24227.25,0.7799999713897705,0.9499999880790709,30078.146484375,38958.0,7242.104873657227,15760.0,6087700.0,583.7208672086721,2343.0
138,2017-04-01,AP3,AP,49675.75,0.8899999856948853,1.0,30078.146484375,69798.0,21170.729919433597,35097.0,12930550.0,504.8003273322422,2343.0
139,2017-04-01,AP4,AP,6311.0,,,30078.146484375,11976.0,6725.913024902344,5362.0,1916900.0,555.6176470588234,2343.0
140,2017-04-01,NC1,NC,191906.0,0.8999999761581421,0.9900000095367432,8785.2744140625,201744.0,61966.43896484375,87837.0,19489028.0,352.3377350940376,10906.0
141,2017-04-01,NC2,NC,192299.25,0.9100000262260436,0.9800000190734864,8785.2744140625,183168.0,51896.24169921875,96967.0,17891297.0,283.03243641725027,10906.0
142,2017-04-01,NC3,NC,612017.25,0.9200000166893004,1.0,8785.2744140625,699078.0,214097.0498046875,268311.0,44675346.0,264.0893524283935,10906.0
143,2017-04-01,NC4,NC,96709.5,0.8500000238418579,0.9900000095367432,8785.2744140625,79812.0,28647.711883544922,22139.0,3724384.0,196.25788900979325,10906.0
144,2017-05-01,AC1,AC,124899.5,0.8100000023841858,0.5400000214576721,9654.6533203125,111175.0,17342.997955322266,39306.0,9916921.0,379.2751540041068,11085.0
145,2017-05-01,AC2,AC,172501.234375,0.7900000214576721,0.7900000214576721,9654.6533203125,191575.0,48605.99755859375,61148.0,15192197.0,363.4473543559594,11085.0
146,2017-05-01,AC3,AC,703026.96875,0.9499999880790709,1.0,9654.6533203125,693597.0,186965.99658203125,349364.0,68074543.0,302.06694451680124,11085.0
147,2017-05-01,AC4,AC,84333.5,0.8000000119209291,0.8199999928474426,9654.6533203125,123048.0,13468.99887084961,27206.0,6588466.0,258.4192229038855,11085.0
148,2017-05-01,AP1,AP,20066.5,0.6200000047683716,0.6399999856948853,20279.447265625,11748.0,782.997013092041,2463.0,1666853.0,625.1641791044776,2691.0
149,2017-05-01,AP2,AP,32166.75,0.8199999928474426,0.9900000095367432,20279.447265625,22836.0,2354.9979972839355,10791.0,5285854.0,625.3793103448277,2691.0
150,2017-05-01,AP3,AP,65940.5,0.9200000166893004,1.0,20279.447265625,87252.0,28947.99786376953,33051.0,12333043.0,477.54260089686096,2691.0
151,2017-05-01,AP4,AP,8644.25,,,20279.447265625,9384.0,4073.9979934692383,4038.0,1652726.0,590.7115384615385,2691.0
152,2017-05-01,NC1,NC,153415.71875,0.9200000166893004,0.9499999880790709,17157.62109375,116468.0,17887.996704101562,53508.0,11203917.0,306.9520581113801,11755.0
153,2017-05-01,NC2,NC,180176.0234375,0.9200000166893004,0.9300000071525574,17157.62109375,167994.0,41686.99877929688,76236.0,15061561.0,285.4799550393405,11755.0
154,2017-05-01,NC3,NC,817506.71875,0.9499999880790709,1.0,17157.62109375,836609.0,174014.9970703125,363879.0,60035723.0,269.6298076923077,11755.0
155,2017-05-01,NC4,NC,120015.25,0.8299999833106995,0.8700000047683716,17157.62109375,102311.0,21548.998291015625,19312.0,3600603.0,208.92668957617408,11755.0
156,2017-06-01,AC1,AC,159720.25,0.8299999833106995,0.9900000095367432,15191.6787109375,214723.0,24355.0,92138.0,23624846.0,406.3640939597315,11547.0
157,2017-06-01,AC2,AC,214769.0,0.7799999713897705,0.9700000286102296,15191.6787109375,167463.0,11979.0,82028.0,20464171.0,371.39371019108285,11547.0
158,2017-06-01,AC3,AC,763878.21875,0.9300000071525574,1.0,15191.6787109375,442655.0,56994.0,259041.0,52288950.0,281.62808170932146,11547.0
159,2017-06-01,AC4,AC,110820.5,0.7799999713897705,0.959999978542328,15191.6787109375,89226.0,17169.0,26659.0,6335644.0,247.2644398051496,11547.0
160,2017-06-01,AP1,AP,22264.5,0.5600000023841858,0.9700000286102296,11299.9345703125,54007.0,6900.0,21372.0,9213853.0,578.372641509434,3273.0
161,2017-06-01,AP2,AP,31196.0,0.6299999952316284,0.8899999856948853,11299.9345703125,29214.0,1792.0,12033.0,5256712.0,514.2442996742672,3273.0
162,2017-06-01,AP3,AP,87952.25,0.9200000166893004,1.0,11299.9345703125,83774.0,20262.0,41217.0,14225622.0,457.31215772179627,3273.0
163,2017-06-01,AP4,AP,12320.5,,,11299.9345703125,21750.0,7620.0,8136.0,2792642.0,545.1910112359551,3273.0
164,2017-06-01,NC1,NC,108932.2421875,0.8899999856948853,0.9900000095367432,27158.74609375,130501.0,41123.0,54916.0,11402985.0,319.38674633351434,11547.0
165,2017-06-01,NC2,NC,202828.640625,0.8999999761581421,1.0,27158.74609375,180778.0,27965.0,88576.0,17480484.0,286.7661641541039,11547.0
166,2017-06-01,NC3,NC,798371.3125,0.9300000071525574,0.9900000095367432,27158.74609375,502741.0,49609.0,275861.0,46142516.0,242.81156172977813,11547.0
167,2017-06-01,NC4,NC,130934.75,0.7900000214576721,0.8899999856948853,27158.74609375,109494.0,10670.0,33555.0,5846446.0,201.90065741417087,11547.0
168,2017-07-01,AC1,AC,196540.25,0.8899999856948853,1.0,16273.2578125,266390.0,43016.0,125511.0,30354618.0,417.8677685950413,12086.0
169,2017-07-01,AC2,AC,232399.25,0.8299999833106995,0.9100000262260436,16273.2578125,284433.0,16886.20001220703,125376.0,31271232.0,430.0889547813195,12086.0
170,2017-07-01,AC3,AC,568139.5,0.9200000166893004,1.0,16273.2578125,569419.0,59443.0,240090.0,50286840.0,301.42748091603056,12086.0
171,2017-07-01,AC4,AC,77865.0,0.7900000214576721,1.0,16273.2578125,97000.0,26793.0,23960.0,5342949.0,267.7954722872756,12086.0
172,2017-07-01,AP1,AP,25586.0,0.7300000190734863,0.8500000238418579,3196.993408203125,23940.0,4469.0,9616.0,4349048.0,500.09157509157507,3229.0
173,2017-07-01,AP2,AP,32506.75,0.5199999809265137,0.5699999928474426,3196.993408203125,13158.0,920.0,4125.0,1911100.0,579.1372549019608,3229.0
174,2017-07-01,AP3,AP,89963.75,0.9200000166893004,1.0,3196.993408203125,82344.0,15972.0,37006.0,13007000.0,462.815445026178,3229.0
175,2017-07-01,AP4,AP,12163.0,,,3196.993408203125,11352.0,6058.0,5308.0,1916156.0,516.1104651162791,3229.0
176,2017-07-01,NC1,NC,129972.1796875,0.8999999761581421,1.0,16648.43359375,107983.0,30738.0,62800.0,13094910.0,314.39304430681284,11561.0
177,2017-07-01,NC2,NC,198993.78125,0.8899999856948853,0.9900000095367432,16648.43359375,184726.0,23644.0,89345.0,17051143.0,294.8068100358423,11561.0
178,2017-07-01,NC3,NC,656721.25,0.9200000166893004,1.0,16648.43359375,694936.0,66475.0,237908.0,42856774.0,271.95762483130903,11561.0
179,2017-07-01,NC4,NC,101350.75,0.7799999713897705,0.9700000286102296,16648.43359375,82631.0,10091.0,14284.0,2973837.0,241.99405469678956,11561.0
180,2017-08-01,AC1,AC,149731.703125,0.8999999761581421,1.0,34999.578125,178758.0,75747.0,95723.0,22640977.0,357.17990468625885,12198.0
181,2017-08-01,AC2,AC,207116.96875,0.8999999761581421,0.959999978542328,34999.578125,202700.0,5228.999015808106,127426.0,29690312.0,387.2059714409346,12198.0
182,2017-08-01,AC3,AC,749395.625,0.8899999856948853,1.0,34999.578125,828175.0,64552.0,559396.0,111331530.0,329.6886858749121,12198.0
183,2017-08-01,AC4,AC,106699.05078125,0.8899999856948853,0.9700000286102296,34999.578125,125613.0,16197.0,88353.0,16889436.0,283.4936260623229,12198.0
184,2017-08-01,AP1,AP,31447.990234375,0.8799999952316284,0.9200000166893004,6109.53125,66810.0,13528.0,38158.0,13555723.0,547.1379703534777,4301.0
185,2017-08-01,AP2,AP,42005.619140625,0.8700000047683716,0.9700000286102296,6109.53125,65634.0,3075.0,39248.0,13907522.0,562.2688971499381,4301.0
186,2017-08-01,AP3,AP,106609.6796875,0.8999999761581421,1.0,6109.53125,113010.0,17540.0,74436.0,22775703.0,442.8342245989305,4301.0
187,2017-08-01,AP4,AP,14517.25,,,6109.53125,11220.0,3591.0,9838.0,2838769.0,373.93518518518516,4301.0
188,2017-08-01,NC1,NC,152576.53540039062,0.8999999761581421,1.0,28527.0234375,178529.0,53394.0,103087.0,21130602.0,351.7821739130435,12281.0
189,2017-08-01,NC2,NC,194911.703125,0.8899999856948853,0.959999978542328,28527.0234375,162018.0,7772.0,110095.0,19739125.0,278.02171290711703,12281.0
190,2017-08-01,NC3,NC,805845.09375,0.8899999856948853,1.0,28527.0234375,873658.0,72861.0,624754.0,103038251.0,275.7390305536412,12281.0
191,2017-08-01,NC4,NC,134902.828125,0.8899999856948853,0.9800000190734864,28527.0234375,165428.0,14664.0,108891.0,17686042.0,257.1675358539765,12281.0
192,2017-09-01,AC1,AC,147125.5,0.9300000071525574,1.0,44566.92578125,124006.0,66262.0,87453.0,19710438.0,337.1370863773098,12504.0
193,2017-09-01,AC2,AC,206977.75,0.8500000238418579,0.9399999976158142,44566.92578125,193877.0,4626.999011993408,116932.0,27870774.0,408.17935046049456,12504.0
194,2017-09-01,AC3,AC,879025.5,0.9300000071525574,0.9499999880790709,44566.92578125,826568.0,52681.0,585532.0,116278206.0,314.03514817367335,12504.0
195,2017-09-01,AC4,AC,109861.75,0.8199999928474426,0.7599999904632568,44566.92578125,125580.0,15301.0,72334.0,14531870.0,278.3220198675497,12504.0
196,2017-09-01,AP1,AP,37181.25,0.8799999952316284,0.9900000095367432,7681.13623046875,63648.0,27712.0,30618.0,10112225.0,457.4406976744186,4675.0
197,2017-09-01,AP2,AP,50360.25,0.7699999809265137,0.9900000095367432,7681.13623046875,106452.0,22819.0,48274.0,18143174.0,499.4967602591792,4675.0
198,2017-09-01,AP3,AP,130202.75,0.9200000166893004,0.8999999761581421,7681.13623046875,167802.0,32293.0,94091.0,31357353.0,482.14471544715445,4675.0
199,2017-09-01,AP4,AP,15736.0,0.8100000023841858,0.7599999904632568,7681.13623046875,21576.0,7837.0,11293.0,3409472.0,445.75303643724703,4675.0
200,2017-09-01,NC1,NC,128998.25,0.9399999976158142,1.0,41781.4375,141140.0,50870.0,91982.0,18278688.0,324.93675527039414,13296.0
201,2017-09-01,NC2,NC,255174.5,0.9200000166893004,1.0,41781.4375,342010.0,22987.0,189959.0,35753188.0,325.0407779171895,13296.0
202,2017-09-01,NC3,NC,954379.0,0.9399999976158142,1.0,41781.4375,1153366.0,184443.0,675174.0,115172325.0,281.21636029411764,13296.0
203,2017-09-01,NC4,NC,136190.0,0.8100000023841858,0.9900000095367432,41781.4375,165144.0,30087.0,89537.0,15077930.0,231.15463917525773,13296.0
204,2017-10-01,AC1,AC,143698.5,0.9300000071525574,0.9900000095367432,47449.99609375,126065.0,82174.0,72518.0,17030383.0,347.4200201207244,11309.0
205,2017-10-01,AC2,AC,194233.75,0.7799999713897705,0.9800000190734864,47449.99609375,133948.0,11618.99895477295,90576.0,20578189.0,387.46875,11309.0
206,2017-10-01,AC3,AC,723065.0,0.8899999856948853,0.9900000095367432,47449.99609375,797207.0,122088.0,534611.0,105740793.0,329.53633572159674,11309.0
207,2017-10-01,AC4,AC,97875.25,0.7900000214576721,0.8700000047683716,47449.99609375,82931.0,28209.0,47845.0,9991530.0,305.61547212741755,11309.0
208,2017-10-01,AP1,AP,41204.25,0.8799999952316284,1.0,8676.533203125,38413.0,34063.0,22713.0,7460274.0,450.93388429752076,4553.0
209,2017-10-01,AP2,AP,56820.5,0.7799999713897705,0.9700000286102296,8676.533203125,68568.0,20777.0,51920.0,16590797.0,451.0057208237986,4553.0
210,2017-10-01,AP3,AP,137591.5,0.8600000143051147,0.9900000095367432,8676.533203125,121746.0,43371.0,78800.0,24020898.0,426.1223021582734,4553.0
211,2017-10-01,AP4,AP,15671.0,0.7599999904632568,1.0,8676.533203125,13674.0,8621.0,11258.0,3675144.0,464.5029585798816,4553.0
212,2017-10-01,NC1,NC,119200.5,0.9300000071525574,1.0,57024.6875,123356.0,67092.0,75008.0,15071684.0,332.12028301886795,11560.0
213,2017-10-01,NC2,NC,225980.0,0.9100000262260436,1.0,57024.6875,243724.0,21918.0,182245.0,33026679.0,303.83896537338336,11560.0
214,2017-10-01,NC3,NC,767959.0,0.9300000071525574,0.9900000095367432,57024.6875,1006519.0,243156.0,726900.0,118380979.0,285.42381401193836,11560.0
215,2017-10-01,NC4,NC,127901.5,0.8000000119209291,0.9800000190734864,57024.6875,155088.0,64564.0,88357.0,14536287.0,256.389848812095,11560.0
216,2017-11-01,AC1,AC,139003.787109375,0.9219999909400941,1.0,34338.44140625,82077.0,63401.0,71369.0,17412992.0,331.4037037037037,10468.0
217,2017-11-01,AC2,AC,153067.78125,0.7200000286102295,0.959999978542328,34338.44140625,92496.0,5237.999011993408,80828.0,17385476.0,358.652528548124,10468.0
218,2017-11-01,AC3,AC,803992.03125,0.8600000143051147,0.9900000095367432,34338.44140625,396579.0,25240.0,467255.0,84773538.0,298.68,10468.0
219,2017-11-01,AC4,AC,122684.47265625,0.75,0.8999999761581421,34338.44140625,50346.0,7614.0,65429.0,11794392.0,230.88662420382167,10468.0
220,2017-11-01,AP1,AP,42003.25,0.8899999856948853,0.9900000095367432,6264.06298828125,30666.0,25381.0,26518.0,9824522.0,437.8048780487805,5287.0
221,2017-11-01,AP2,AP,62171.25,0.8199999928474426,0.9800000190734864,6264.06298828125,51816.0,17534.0,37437.0,12697394.0,454.6435986159169,5287.0
222,2017-11-01,AP3,AP,200243.25,0.8600000143051147,0.9800000190734864,6264.06298828125,181316.0,22273.0,156167.0,48480094.0,453.37900223380484,5287.0
223,2017-11-01,AP4,AP,26665.5,0.75,1.0,6264.06298828125,20730.0,4469.0,18010.0,5429129.0,432.28668941979515,5287.0
224,2017-11-01,NC1,NC,113686.7109375,0.9300000071525574,0.9900000095367432,43474.515625,63458.0,54183.0,54160.0,11741537.0,318.46041351487645,12269.0
225,2017-11-01,NC2,NC,216349.6640625,0.9100000262260436,0.9300000071525574,43474.515625,208898.0,37883.0,157766.0,26734219.0,278.7852733686067,12269.0
226,2017-11-01,NC3,NC,1295767.40625,0.9300000071525574,0.9900000095367432,43474.515625,654688.0,68102.0,792242.0,123132511.0,246.64808126410838,12269.0
227,2017-11-01,NC4,NC,236177.8046875,0.7799999713897705,0.9900000095367432,43474.515625,120865.0,18924.0,176068.0,27325990.0,236.66192733017377,12269.0
228,2017-12-01,AC1,AC,141914.5,0.9200000166893004,0.9900000095367432,29860.33984375,103866.0,20729.0,54251.0,12937350.0,325.03970223325064,11499.0
229,2017-12-01,AC2,AC,197637.5,0.8000000119209291,0.9800000190734864,29860.33984375,267974.0,16418.999005123973,173961.0,39561960.0,395.744030163385,11499.0
230,2017-12-01,AC3,AC,701174.5,0.8600000143051147,0.9900000095367432,29860.33984375,802910.0,39498.0,544479.0,106831787.0,334.9516385618836,11499.0
231,2017-12-01,AC4,AC,91324.5,0.7300000190734863,0.959999978542328,29860.33984375,114219.0,8126.0,81881.0,16362585.0,296.89530685920585,11499.0
232,2017-12-01,AP1,AP,45940.75,0.8999999761581421,1.0,5496.37890625,20413.0,13278.0,18100.0,5571722.0,370.1008645533141,4939.0
233,2017-12-01,AP2,AP,57448.75,0.8600000143051147,0.9499999880790709,5496.37890625,48829.0,9733.0,27423.0,9226443.0,449.8457300275482,4939.0
234,2017-12-01,AP3,AP,186661.5,0.8799999952316284,0.9700000286102296,5496.37890625,155676.0,6880.0,110114.0,33280026.0,406.9939819458375,4939.0
235,2017-12-01,AP4,AP,22545.25,0.699999988079071,0.8999999761581421,5496.37890625,17790.0,1871.0,13169.0,3631292.0,353.0,4939.0
236,2017-12-01,NC1,NC,116164.5,0.8999999761581421,0.9900000095367432,30138.396484375,89561.0,41925.0,44566.0,9079373.0,289.11578372474065,10915.0
237,2017-12-01,NC2,NC,200960.5,0.8600000143051147,0.9900000095367432,30138.396484375,230310.0,46155.0,105709.0,18061656.0,252.89295516925893,10915.0
238,2017-12-01,NC3,NC,775005.0,0.8799999952316284,1.0,30138.396484375,775452.0,52759.0,422955.0,67161358.0,250.202380952381,10915.0
239,2017-12-01,NC4,NC,138307.75,0.7300000190734863,0.9700000286102296,30138.396484375,138630.0,9377.0,66805.0,11484639.0,255.9000916590284,10915.0
240,2018-01-01,AC1,AC,183705.99999237058,0.959999978542328,0.9900000095367432,35274.73046875,256006.0,26221.0,139343.0,35039824.0,419.6004421983576,14657.0
241,2018-01-01,AC2,AC,266451.000002861,0.9100000262260436,0.9900000095367432,35274.73046875,483186.0,36566.0,289269.0,66762572.0,439.0114678899082,14657.0
242,2018-01-01,AC3,AC,1127053.499998093,0.9100000262260436,0.9700000286102296,35274.73046875,1297116.0,51807.0,909521.0,182122358.0,336.5842320565266,14657.0
243,2018-01-01,AC4,AC,152936.24999976158,0.7900000214576721,0.9700000286102296,35274.73046875,263779.0,15070.0,141753.0,28365235.0,311.48452447945976,14657.0
244,2018-01-01,AP1,AP,61488.999999761574,0.9100000262260436,0.9700000286102296,5217.49560546875,76482.0,14832.0,39496.0,14103542.0,484.94178628389153,5800.0
245,2018-01-01,AP2,AP,78060.50000047684,0.8700000047683716,0.959999978542328,5217.49560546875,109860.0,12072.0,57690.0,20913115.0,492.06194029850747,5800.0
246,2018-01-01,AP3,AP,188854.9999999404,0.8000000119209291,0.8299999833106995,5217.49560546875,149877.0,2166.0,106652.0,31130308.0,389.4992088607595,5800.0
247,2018-01-01,AP4,AP,23287.75,0.6899999976158142,0.9900000095367432,5217.49560546875,35912.0,5364.0,23079.0,7216705.0,440.21276595744683,5800.0
248,2018-01-01,NC1,NC,155644.99999427795,0.959999978542328,0.9800000190734864,20642.296875,190680.0,30304.0,128374.0,26803289.0,390.14257188498397,14581.0
249,2018-01-01,NC2,NC,254512.7500305176,0.959999978542328,0.9900000095367432,20642.296875,348614.0,66422.0,278158.0,48533862.0,316.9880034275921,14581.0
250,2018-01-01,NC3,NC,1208069.9999923706,0.9499999880790709,0.9900000095367432,20642.296875,1174461.0,35546.0,1022668.0,171378080.0,286.06810982048574,14581.0
251,2018-01-01,NC4,NC,192108.25,0.8100000023841858,0.9700000286102296,20642.296875,264607.0,6945.0,186979.0,30906138.0,246.21102284011917,14581.0
252,2018-02-01,AC1,AC,135048.0,0.959999978542328,1.0,21704.41796875,62387.0,22293.0,89494.0,21135807.0,388.20320855614966,11806.0
253,2018-02-01,AC2,AC,185672.75,0.9399999976158142,0.9800000190734864,21704.41796875,98577.0,27190.0,120945.0,28200105.0,386.49094097019287,11806.0
254,2018-02-01,AC3,AC,635365.25,0.9399999976158142,0.9900000095367432,21704.41796875,548334.0,62722.0,597217.0,118429287.0,342.3693836978132,11806.0
255,2018-02-01,AC4,AC,89198.25,0.8000000119209291,0.9300000071525574,21704.41796875,43679.0,24349.0,66542.0,14246113.0,326.774231678487,11806.0
256,2018-02-01,AP1,AP,46217.75,0.8299999833106995,0.9300000071525574,4603.87060546875,28363.0,10462.0,27246.0,9693798.0,484.71183533447686,4874.0
257,2018-02-01,AP2,AP,54924.5,0.7799999713897705,0.9200000166893004,4603.87060546875,35158.0,7353.0,31987.0,11319403.0,476.2491638795986,4874.0
258,2018-02-01,AP3,AP,79694.5,0.5899999737739563,0.959999978542328,4603.87060546875,49486.0,7889.0,69048.0,22354123.0,460.0292207792208,4874.0
259,2018-02-01,AP4,AP,14144.5,0.6499999761581421,1.0,4603.87060546875,15096.0,5906.0,11723.0,3616490.0,443.71153846153845,4874.0
260,2018-02-01,NC1,NC,115524.0,0.959999978542328,0.9399999976158142,9228.23828125,61652.0,15418.0,64155.0,12934437.0,341.58662369057214,11456.0
261,2018-02-01,NC2,NC,159281.5,0.959999978542328,0.9800000190734864,9228.23828125,30740.0,53127.0,74346.0,14171079.0,304.6576200417537,11456.0
262,2018-02-01,NC3,NC,614687.5,0.9399999976158142,0.9900000095367432,9228.23828125,335666.0,52257.0,447265.0,74743483.0,290.52076271186434,11456.0
263,2018-02-01,NC4,NC,111206.5,0.8000000119209291,0.959999978542328,9228.23828125,103694.0,19448.0,78709.0,13482982.0,270.56633221850615,11456.0
264,2018-03-01,AC1,AC,168699.79104064964,0.959999978542328,0.959999978542328,38443.0078125,158722.0,44510.0,125573.0,29713873.0,394.3795744680851,13820.0
265,2018-03-01,AC2,AC,196525.1594143696,0.9499999880790709,0.9399999976158142,38443.0078125,173548.0,68783.0,103121.0,24869359.0,379.4558074965294,13820.0
266,2018-03-01,AC3,AC,1014036.0964773148,0.9499999880790709,0.9300000071525574,38443.0078125,901654.0,143240.0,733117.0,142203192.0,329.8056338028169,13820.0
267,2018-03-01,AC4,AC,148652.02736813066,0.7900000214576721,0.9399999976158142,38443.0078125,141967.0,38011.0,112632.0,22403563.0,296.53324468085106,13820.0
268,2018-03-01,AP1,AP,60064.539997624226,0.8399999737739563,0.9300000071525574,13082.873046875,54763.0,19399.0,40342.0,14295798.0,487.3946188340808,6328.0
269,2018-03-01,AP2,AP,75009.58999975736,0.8000000119209291,0.8399999737739563,13082.873046875,83314.0,13859.0,66616.0,21885446.0,464.69671504965623,6328.0
270,2018-03-01,AP3,AP,166650.09000352956,0.6000000238418579,0.8999999761581421,13082.873046875,185709.0,6595.0,128540.0,41879492.0,505.930596285435,6328.0
271,2018-03-01,AP4,AP,22969.000000327822,0.6800000071525574,0.8199999928474426,13082.873046875,28919.0,12776.0,16477.0,5277508.0,423.28873239436615,6328.0
272,2018-03-01,NC1,NC,149016.76601881676,0.959999978542328,0.9399999976158142,29846.591796875,160367.0,41329.0,123567.0,25677428.0,402.64685990338165,14073.0
273,2018-03-01,NC2,NC,173494.75855149888,0.959999978542328,0.75,29846.591796875,156520.0,52867.0,100025.0,18452108.0,306.43397106859544,14073.0
274,2018-03-01,NC3,NC,1097904.9597479105,0.9499999880790709,0.959999978542328,29846.591796875,1308091.0,119808.0,958432.0,155805523.0,282.7230667547918,14073.0
275,2018-03-01,NC4,NC,190088.3159057172,0.7799999713897705,0.959999978542328,29846.591796875,128621.0,27087.0,170008.0,27551735.0,246.55388320288986,14073.0
276,2018-04-01,AC1,AC,150942.31034479663,0.959999978542328,0.9900000095367432,30106.20703125,167640.0,73244.0,106815.0,26844718.0,406.3888367729831,13248.0
277,2018-04-01,AC2,AC,195609.9849028252,0.9399999976158142,0.9800000190734864,30106.20703125,172823.0,80386.0,134319.0,33327078.0,403.8455684870188,13248.0
278,2018-04-01,AC3,AC,811646.9806234911,0.9499999880790709,0.9900000095367432,30106.20703125,1016271.0,408362.0,675362.0,135864408.0,361.8555462419671,13248.0
279,2018-04-01,AC4,AC,122132.28599008825,0.7799999713897705,0.9200000166893004,30106.20703125,126983.0,74988.0,90392.0,19193823.0,305.78706624605684,13248.0
280,2018-04-01,AP1,AP,55202.66993031418,0.8299999833106995,0.959999978542328,12555.740234375,61742.0,29228.0,37272.0,15415355.0,587.1451292246521,6611.0
281,2018-04-01,AP2,AP,74552.30992094334,0.8100000023841858,0.959999978542328,12555.740234375,97847.0,28885.0,66081.0,25824254.0,574.8921095008053,6611.0
282,2018-04-01,AP3,AP,173557.14038214038,0.6600000262260437,0.9900000095367432,12555.740234375,290407.0,31897.0,211203.0,66097343.0,523.1899804814574,6611.0
283,2018-04-01,AP4,AP,22664.800001717987,0.6100000143051147,0.9399999976158142,12555.740234375,26304.0,15719.0,20134.0,7239510.0,614.6414634146341,6611.0
284,2018-04-01,NC1,NC,127070.77169038494,0.959999978542328,0.9800000190734864,22927.94140625,138788.0,76819.0,87527.0,18270870.0,393.3613493424814,13367.0
285,2018-04-01,NC2,NC,187176.47368583453,0.959999978542328,0.9900000095367432,22927.94140625,186633.0,81358.0,143776.0,27101583.0,335.997079682937,13367.0
286,2018-04-01,NC3,NC,983486.4126563148,0.959999978542328,1.0,22927.94140625,859381.0,160804.0,893188.0,145971184.0,290.54052007068924,13367.0
287,2018-04-01,NC4,NC,139058.65404225886,0.7599999904632568,0.9399999976158142,22927.94140625,81174.0,21741.0,94859.0,15138058.0,242.30353817504653,13367.0
288,2018-05-01,AC1,AC,138495.84933698174,0.959999978542328,1.0,43655.2421875,161580.0,115065.0,93624.0,20345371.0,348.51690024732073,12856.0
289,2018-05-01,AC2,AC,192310.02749598023,0.9499999880790709,1.0,43655.2421875,219816.0,129605.0,136337.0,29694851.0,366.28684210526313,12856.0
290,2018-05-01,AC3,AC,875426.0179920197,0.9700000286102296,1.0,43655.2421875,1095276.0,531668.0,822811.0,158196418.0,312.24898785425097,12856.0
291,2018-05-01,AC4,AC,125260.19144034384,0.7699999809265137,0.9900000095367432,43655.2421875,160458.0,82830.0,129839.0,24218282.0,264.0,12856.0
292,2018-05-01,AP1,AP,57914.25,0.8399999737739563,1.0,19448.689453125,63372.0,34209.0,41273.0,14056096.0,484.46083333333326,6203.0
293,2018-05-01,AP2,AP,72659.0,0.8199999928474426,0.9800000190734864,19448.689453125,44052.0,11735.0,42582.0,14351884.0,468.36880584890326,6203.0
294,2018-05-01,AP3,AP,245306.5,0.7699999809265137,0.9900000095367432,19448.689453125,328446.0,42109.0,235725.0,73857165.0,443.31138070479483,6203.0
295,2018-05-01,AP4,AP,27616.25,0.6100000143051147,1.0,19448.689453125,31194.0,16832.0,20109.0,6460533.0,500.3916083916084,6203.0
296,2018-05-01,NC1,NC,109114.78933310507,0.959999978542328,1.0,28474.802734375,103962.0,84224.0,73587.0,14719590.0,331.41904276985736,12899.0
297,2018-05-01,NC2,NC,174266.94924557212,0.959999978542328,1.0,28474.802734375,199842.0,125493.0,126604.0,22421486.0,293.16006097560984,12899.0
298,2018-05-01,NC3,NC,918507.7696180344,0.9700000286102296,1.0,28474.802734375,1038402.0,264866.0,794986.0,132270919.0,266.3588464874241,12899.0
299,2018-05-01,NC4,NC,152385.82184028625,0.7599999904632568,0.9700000286102296,28474.802734375,173976.0,19314.0,150480.0,24019739.0,220.61452184179456,12899.0
300,2018-06-01,AC1,AC,134046.07032861188,0.9700000286102296,1.0,53890.41015625,82177.0,101818.0,68628.0,16192860.0,367.5673034207019,14367.0
301,2018-06-01,AC2,AC,190249.6103684418,0.9700000286102296,0.9900000095367432,53890.41015625,112161.0,91126.0,107968.0,25639299.0,367.9491249491249,14367.0
302,2018-06-01,AC3,AC,1035255.6991161519,0.9800000190734864,0.9900000095367432,53890.41015625,970263.0,807799.0,574137.0,115352350.0,328.0611311672684,14367.0
303,2018-06-01,AC4,AC,143093.83008554296,0.7900000214576721,0.9700000286102296,53890.41015625,119484.0,131647.0,61582.0,12008768.0,264.36370262390665,14367.0
304,2018-06-01,AP1,AP,59586.770015332375,0.8700000047683716,0.9900000095367432,20952.7734375,28074.0,31504.0,22224.0,7963018.0,475.9654150197629,7237.0
305,2018-06-01,AP2,AP,77984.99022950511,0.8299999833106995,0.959999978542328,20952.7734375,68238.0,19727.0,42538.0,15074823.0,501.2637465051258,7237.0
306,2018-06-01,AP3,AP,255005.049828684,0.8199999928474426,0.9700000286102296,20952.7734375,241380.0,80921.0,154622.0,48212164.0,500.5385117493472,7237.0
307,2018-06-01,AP4,AP,30078.249998965766,0.6299999952316284,0.9900000095367432,20952.7734375,14592.0,9456.0,18442.0,5773507.0,551.6823529411764,7237.0
308,2018-06-01,NC1,NC,85440.39988264022,0.9700000286102296,1.0,57366.984375,71964.0,94674.0,43256.0,9233185.0,319.09366958311887,14222.0
309,2018-06-01,NC2,NC,153463.7402269505,0.9800000190734864,0.9800000190734864,57366.984375,112541.0,111615.0,93183.0,17337320.0,282.01386481802433,14222.0
310,2018-06-01,NC3,NC,987495.007861115,0.9800000190734864,1.0,57366.984375,979732.0,462183.0,688530.0,114212794.0,279.53752535496955,14222.0
311,2018-06-01,NC4,NC,163142.60986688547,0.7799999713897705,0.959999978542328,57366.984375,145062.0,52662.0,97406.0,16154638.0,249.2078431372549,14222.0
312,2018-07-01,AC1,AC,129139.6298843734,0.9800000190734864,1.0,15409.814453125,93613.0,87998.0,81824.0,18903988.0,351.9439834024896,13776.0
313,2018-07-01,AC2,AC,202472.41339668632,0.9800000190734864,1.0,15409.814453125,154789.0,76556.0,131022.0,30212614.0,373.77671831545484,13776.0
314,2018-07-01,AC3,AC,689632.0500126015,0.9800000190734864,1.0,15409.814453125,446320.0,636030.0,512467.0,101538881.0,300.87772104273046,13776.0
315,2018-07-01,AC4,AC,107614.23999104649,0.8199999928474426,0.9900000095367432,15409.814453125,29406.0,75667.0,69160.0,14310594.0,266.8760207869339,13776.0
316,2018-07-01,AP1,AP,63836.000191882245,0.8700000047683716,0.9900000095367432,16064.8828125,45564.0,24076.0,37675.0,13791448.0,486.05498007968134,7611.0
317,2018-07-01,AP2,AP,83945.10986251943,0.8500000238418579,0.9399999976158142,16064.8828125,111102.0,47734.0,57304.0,20429806.0,506.9072243346008,7611.0
318,2018-07-01,AP3,AP,232018.7095754221,0.8700000047683716,0.9900000095367432,16064.8828125,280956.0,95488.0,191580.0,61675041.0,446.55677083333336,7611.0
319,2018-07-01,AP4,AP,21505.750000545755,0.6299999952316284,0.10000000149011612,16064.8828125,264.0,5385.0,4110.0,1066738.0,273.83561643835617,7611.0
320,2018-07-01,NC1,NC,90679.98048037289,0.9800000190734864,0.9900000095367432,16484.35546875,53940.0,78890.0,51560.0,10836901.0,308.6468857282982,13704.0
321,2018-07-01,NC2,NC,167150.4394514952,0.9800000190734864,1.0,16484.35546875,137544.0,99946.0,120661.0,21593502.0,293.2369591589163,13704.0
322,2018-07-01,NC3,NC,721164.479750404,0.9800000190734864,0.9800000190734864,16484.35546875,764148.0,506359.0,630399.0,102916469.0,261.5254067584481,13704.0
323,2018-07-01,NC4,NC,123218.87662823126,0.8100000023841858,0.959999978542328,16484.35546875,176052.0,111933.0,101361.0,16706261.0,227.5134443021767,13704.0
324,2018-08-01,AC1,AC,128946.74998788723,0.9800000190734864,1.0,36237.42578125,132961.0,86842.0,80638.0,19973773.0,398.4354986276304,14959.0
325,2018-08-01,AC2,AC,196694.99999490567,0.9800000190734864,1.0,36237.42578125,215299.0,105408.0,129196.0,30847093.0,397.19879032258063,14959.0
326,2018-08-01,AC3,AC,836194.2499943301,0.9800000190734864,1.0,36237.42578125,726836.0,607730.0,599726.0,121016778.0,319.51480263157896,14959.0
327,2018-08-01,AC4,AC,118834.00000225565,0.8199999928474426,1.0,36237.42578125,117693.0,80038.0,84371.0,17636517.0,303.42180774748925,14959.0
328,2018-08-01,AP1,AP,67265.49999303183,0.8899999856948853,1.0,22551.927734375,59809.0,23940.0,39712.0,14429454.0,472.2326440177252,7593.0
329,2018-08-01,AP2,AP,83237.2499942854,0.8700000047683716,0.9300000071525574,22551.927734375,40015.0,10959.0,55673.0,19238788.0,497.22885196374637,7593.0
330,2018-08-01,AP3,AP,278198.2499992121,0.8999999761581421,0.9900000095367432,22551.927734375,258649.0,95218.0,193533.0,62485137.0,429.25808133472367,7593.0
331,2018-08-01,AP4,AP,23715.50000145705,0.6399999856948853,0.9900000095367432,22551.927734375,41935.0,11388.0,24635.0,8030029.0,540.5484693877552,7593.0
332,2018-08-01,NC1,NC,98865.24997872488,0.9800000190734864,1.0,27454.107421875,111776.0,75035.0,75679.5,15313527.0,318.8394871794872,14683.0
333,2018-08-01,NC2,NC,166516.99998929352,0.9800000190734864,1.0,27454.107421875,154345.0,89905.0,120852.5,22188361.0,299.73201514514085,14683.0
334,2018-08-01,NC3,NC,885951.5000551605,0.9800000190734864,1.0,27454.107421875,1051289.0,761141.0,661678.0,110706264.0,272.2974265543156,14683.0
335,2018-08-01,NC4,NC,142061.74999957063,0.8100000023841858,1.0,27454.107421875,153147.0,124786.0,114995.0,18926399.0,235.77747252747253,14683.0
336,2018-09-01,AC1,AC,130861.25001272,0.9782999753952026,1.0,44612.1171875,150469.0,111166.0,78339.0,21108097.0,456.6434824902724,16794.0
337,2018-09-01,AC2,AC,207533.5000191121,0.9789999723434448,1.0,44612.1171875,230324.0,131854.0,142812.0,35495385.0,459.1750301083902,16794.0
338,2018-09-01,AC3,AC,912540.2499706595,0.9811999797821044,1.0,44612.1171875,954138.0,736722.0,668680.0,136787858.0,363.9620368265514,16794.0
339,2018-09-01,AC4,AC,130747.75000064587,0.8259000182151794,1.0,44612.1171875,128120.0,94644.0,95349.0,18917981.0,282.9787765293384,16794.0
340,2018-09-01,AP1,AP,73542.49999224767,0.8849999904632568,0.9217629432678224,26997.958984375,59944.0,20927.0,41204.0,15429643.0,532.7634322373697,8856.0
341,2018-09-01,AP2,AP,92111.2500079032,0.8531000018119812,0.9443145394325256,26997.958984375,92714.0,15635.0,55086.0,19513720.0,508.59531772575247,8856.0
342,2018-09-01,AP3,AP,302438.74997844175,0.9034000039100648,0.9838166832923888,26997.958984375,393874.0,235117.0,204531.0,60456958.0,453.6937269372694,8856.0
343,2018-09-01,AP4,AP,27516.24999983958,0.6503000259399414,0.9750367403030396,26997.958984375,27084.0,16416.0,17547.0,5263953.0,363.4778067885117,8856.0
344,2018-09-01,NC1,NC,101732.25001461431,0.97680002450943,1.0,27502.79296875,144319.0,117458.0,70837.0,15875428.0,402.18756698821005,16662.0
345,2018-09-01,NC2,NC,169318.7500063125,0.9822999835014344,1.0,27502.79296875,199057.0,121830.0,116915.0,23373800.0,378.21758050478684,16662.0
346,2018-09-01,NC3,NC,887494.2500261144,0.9818000197410583,1.0,27502.79296875,949984.0,871677.0,707974.0,121941038.0,317.20700286280555,16662.0
347,2018-09-01,NC4,NC,138987.25000170968,0.8111000061035156,1.0,27502.79296875,153395.0,144146.0,113893.0,19100276.0,244.36240424278137,16662.0
348,2018-10-01,AC1,AC,117169.99999936298,0.9763000011444092,1.0,33940.0234375,139542.0,142420.0,75552.0,19386842.0,452.33680746023043,15334.0
349,2018-10-01,AC2,AC,206134.2499757204,0.9787999987602234,0.997157633304596,33940.0234375,193826.0,150898.0,124757.0,31145165.0,449.52827648114896,15334.0
350,2018-10-01,AC3,AC,830843.999909725,0.9805999994277954,1.0,33940.0234375,958414.0,838239.0,727317.0,141674719.0,356.12772751463547,15334.0
351,2018-10-01,AC4,AC,121948.99999952455,0.8395000100135803,0.9999396204948424,33940.0234375,175590.0,153805.0,98207.0,19330270.0,284.3158258465791,15334.0
352,2018-10-01,AP1,AP,75027.00000047684,0.8758000135421753,0.8996483087539673,18406.841796875,56863.0,18639.0,42044.0,16106115.0,562.6067961165048,8399.0
353,2018-10-01,AP2,AP,96772.74999079668,0.8280000090599059,0.8906357884407043,18406.841796875,106858.0,27048.0,72552.0,25448740.0,527.7653589933383,8399.0
354,2018-10-01,AP3,AP,306432.49999679625,0.9057999849319458,0.9971374273300172,18406.841796875,330470.0,207521.0,273249.0,84671265.0,480.8288607594937,8399.0
355,2018-10-01,AP4,AP,25925.750000651227,0.6575999855995178,0.8958762884140015,18406.841796875,33048.0,20875.0,20201.0,6491595.0,468.13103448275865,8399.0
356,2018-10-01,NC1,NC,90992.74999887381,0.9764000177383424,1.0,29864.490234375,107565.0,143434.0,61585.0,13396026.0,375.6139088729017,14877.0
357,2018-10-01,NC2,NC,158662.75000348597,0.9811000227928162,1.0,29864.490234375,203698.0,180019.0,111988.0,21722525.0,346.71600771456116,14877.0
358,2018-10-01,NC3,NC,842070.5000059457,0.9821000099182128,1.0,29864.490234375,1119659.0,988277.0,897995.0,144334940.0,290.4358845671267,14877.0
359,2018-10-01,NC4,NC,131932.24999602884,0.8152999877929688,1.0,29864.490234375,197277.0,191177.0,135329.0,21267352.0,232.6651006711409,14877.0
360,2018-11-01,AC1,AC,138342.74800106694,0.9775999784469604,1.0,27755.810546875,88852.0,115930.0,65041.0,17843042.0,442.21425085407515,15633.0
361,2018-11-01,AC2,AC,209919.74801553413,0.9821000099182128,1.0,27755.810546875,213240.0,160376.0,122841.0,31305420.0,475.93023255813966,15633.0
362,2018-11-01,AC3,AC,1229123.747987494,0.9848999977111816,1.0,27755.810546875,1246142.0,1029575.0,712766.0,148735424.0,375.7009143407123,15633.0
363,2018-11-01,AC4,AC,193236.24799817195,0.852400004863739,1.0,27755.810546875,135605.0,127031.0,117485.0,23128549.0,303.2653968253968,15633.0
364,2018-11-01,AP1,AP,81507.00100017339,0.8449000120162964,0.8862839937210083,12003.1357421875,84504.0,20817.0,40611.0,16773824.0,590.5481239804243,8677.0
365,2018-11-01,AP2,AP,105240.75400209613,0.8082000017166138,0.6771172285079956,12003.1357421875,44546.0,8066.0,44068.0,14499414.0,497.05593803786576,8677.0
366,2018-11-01,AP3,AP,444077.49798989674,0.9193000197410583,0.9918488860130309,12003.1357421875,366507.0,192945.0,257400.0,81662598.0,509.22084481175386,8677.0
367,2018-11-01,AP4,AP,39806.74799727066,0.6682999730110168,0.9435602426528932,12003.1357421875,41136.0,22523.0,27074.0,8463144.0,422.60989010989016,8677.0
368,2018-11-01,NC1,NC,99652.75600291695,0.977999985218048,1.0,38651.76953125,55048.0,117533.0,45034.0,10931469.0,377.79547960308713,15278.0
369,2018-11-01,NC2,NC,165106.2479943605,0.9844999909400941,1.0,38651.76953125,107451.0,133522.0,91015.0,19470183.0,371.4753234307619,15278.0
370,2018-11-01,NC3,NC,1294276.7530630864,0.9854000210762024,1.0,38651.76953125,1182457.0,1117161.0,788265.0,134301650.0,313.043661971831,15278.0
371,2018-11-01,NC4,NC,212421.0039998889,0.8385999798774719,1.0,38651.76953125,154878.0,181083.0,120946.0,20210775.0,275.8539944903581,15278.0
372,2018-12-01,AC1,AC,159027.4940112792,0.9779000282287598,1.0,22647.80859375,107659.0,69984.0,74128.0,21148753.0,541.0183861082737,15638.0
373,2018-12-01,AC2,AC,225028.7519911416,0.9839000105857848,1.0,22647.80859375,136056.0,106264.0,91393.0,27144099.0,552.3389101338431,15638.0
374,2018-12-01,AC3,AC,975667.9970130584,0.9864000082015992,1.0,22647.80859375,706859.0,666965.0,586269.0,131539574.0,452.62376751427087,15638.0
375,2018-12-01,AC4,AC,137485.75099608675,0.8730000257492065,1.0,22647.80859375,76240.0,72649.0,83021.0,17521173.0,329.3696498054475,15638.0
376,2018-12-01,AP1,AP,88797.49700257182,0.8446999788284302,0.7289538383483887,25669.17578125,33781.0,6079.0,27745.0,11208967.0,575.0499075785583,10148.0
377,2018-12-01,AP2,AP,97678.9959998876,0.7451000213623047,0.6954833269119263,25669.17578125,48973.0,1689.0,26864.0,10364359.0,563.0011337868482,10148.0
378,2018-12-01,AP3,AP,412092.74899601005,0.9427000284194946,0.9909223914146424,25669.17578125,421672.0,214938.0,230923.0,80199855.0,694.6465355805243,10148.0
379,2018-12-01,AP4,AP,34585.49400168378,0.7045000195503235,0.9902090430259703,25669.17578125,44915.0,26245.0,24845.0,8200480.0,474.2387543252595,10148.0
380,2018-12-01,NC1,NC,111944.25499803387,0.97680002450943,1.0,24756.14453125,76668.0,93631.0,54340.0,13535722.0,448.53731343283584,15194.0
381,2018-12-01,NC2,NC,169558.49399811402,0.984000027179718,1.0,24756.14453125,112037.0,96562.0,73547.0,17895174.0,442.3376068376068,15194.0
382,2018-12-01,NC3,NC,858262.4979965688,0.9868999719619752,1.0,24756.14453125,529165.0,780294.0,525148.0,98920593.0,378.7572712850344,15194.0
383,2018-12-01,NC4,NC,140094.00099521506,0.8608999848365784,,24756.14453125,54996.0,96204.0,92605.0,15856440.0,281.52335164835165,15194.0
384,2019-01-01,AC1,AC,193156.9609375,0.9764999747276306,1.0,36519.34375,208152.0,25279.0,225483.0,40478161.0,179.9241620704285,27473.0
385,2019-01-01,AC2,AC,261699.8046875,0.9828000068664552,1.0,36519.34375,247022.0,28296.0,294948.0,52945434.0,179.94639785973632,27473.0
386,2019-01-01,AC3,AC,1272239.34375,0.9860000014305116,1.0,36519.34375,939449.0,126663.0,1247308.0,212871872.0,170.94098225340488,27473.0
387,2019-01-01,AC4,AC,156784.48046875,0.8944000005722046,1.0,36519.34375,115206.0,22851.0,134147.0,22895220.0,170.91569390402074,27473.0
388,2019-01-01,AP1,AP,84818.509765625,0.6516000032424927,0.8361164331436157,21852.513671875,59338.0,7990.0,54843.0,14542673.0,265.0,8494.0
389,2019-01-01,AP2,AP,128161.5,0.559499979019165,0.8999999761581421,21852.513671875,168350.0,12947.0,142991.0,36878560.0,258.0,8494.0
390,2019-01-01,AP3,AP,460728.6015625,0.9312999844551086,1.0,21852.513671875,281179.0,44651.0,381823.0,95700497.0,251.0,8494.0
391,2019-01-01,AP4,AP,38490.52734375,0.7529000043869019,1.0,21852.513671875,35376.0,18861.0,32652.0,8184040.0,251.0,8494.0
392,2019-01-01,NC1,NC,122904.25,0.9758999943733216,1.0,14610.9912109375,140413.0,48966.0,174844.0,27928340.0,159.8761072540101,25623.0
393,2019-01-01,NC2,NC,174066.5,0.9846000075340272,1.0,14610.9912109375,190902.0,33505.0,244315.0,35444556.0,144.95519172770358,25623.0
394,2019-01-01,NC3,NC,1179984.09375,0.9846000075340272,1.0,14610.9912109375,729398.0,116234.0,1312698.0,191424505.0,145.90377481998692,25623.0
395,2019-01-01,NC4,NC,153826.80078125,0.8733999729156494,,14610.9912109375,120631.0,38400.0,154817.0,22579347.0,145.93247588424435,25623.0
396,2019-02-01,AC1,AC,115006.25,0.9587982892990112,1.0,16851.80859375,114947.0,35220.0,48527.0,14339263.0,566.688540646425,9891.0
397,2019-02-01,AC2,AC,135634.0,0.9732553362846376,1.0,16851.80859375,166842.0,60636.0,60448.0,17618730.0,554.8910984848485,9891.0
398,2019-02-01,AC3,AC,575852.5,0.9778037667274476,1.0,16851.80859375,730862.0,247236.0,366041.0,79530941.0,517.2407045009785,9891.0
399,2019-02-01,AC4,AC,89672.75,0.8799571394920349,1.0,16851.80859375,107894.0,34276.0,55683.0,11766680.0,332.58322903629534,9891.0
400,2019-02-01,AP1,AP,84360.5,0.5762922763824463,0.9836437106132508,12528.8759765625,154800.0,15680.0,64805.0,31353401.0,1088.165452653486,7978.0
401,2019-02-01,AP2,AP,62829.5,0.5644757747650146,0.8571875691413879,12528.8759765625,38382.0,8163.0,20317.0,8782086.0,847.033834586466,7978.0
402,2019-02-01,AP3,AP,249296.5,0.9183326959609984,0.9911099076271056,12528.8759765625,313214.0,60693.0,148414.0,52974039.0,767.3487318840581,7978.0
403,2019-02-01,AP4,AP,27601.0,0.7589303851127625,0.999393343925476,12528.8759765625,29286.0,19358.0,16765.0,8356111.0,605.2009456264775,7978.0
404,2019-02-01,NC1,NC,77620.75,0.964784860610962,1.0,13659.18359375,73687.0,62174.0,27585.0,6254613.0,415.3513513513514,7634.0
405,2019-02-01,NC2,NC,100517.5,0.9776113629341124,1.0,13659.18359375,106172.0,52762.0,42577.0,9789518.0,391.97865168539323,7634.0
406,2019-02-01,NC3,NC,487298.25,0.9762312769889832,1.0,13659.18359375,690742.0,274363.0,353795.0,62843474.0,408.0432588320115,7634.0
407,2019-02-01,NC4,NC,81920.25,0.87178635597229,,13659.18359375,88043.0,37749.0,59058.0,10283712.0,316.9501607717042,7634.0
408,2019-03-01,AC1,AC,138164.75,0.9739999771118164,1.0,45255.09375,175783.0,59997.0,62699.0,22434625.0,636.0835214446953,21455.0
409,2019-03-01,AC2,AC,173232.75,0.9580000042915344,1.0,45255.09375,164800.0,76868.0,66991.0,24090065.0,634.3137365743357,21455.0
410,2019-03-01,AC3,AC,1055892.75,0.9679999947547911,1.0,45255.09375,1255969.0,382448.0,673995.0,169388627.0,672.0094094743672,21455.0
411,2019-03-01,AC4,AC,155837.25,0.8299999833106995,1.0,45255.09375,176538.0,39666.0,96479.0,22025645.0,405.5091036414566,21455.0
412,2019-03-01,AP1,AP,91911.0,0.7450000047683716,0.9465662837028505,26693.30078125,83352.0,9834.0,49353.0,21222053.0,842.8748928877462,11606.0
413,2019-03-01,AP2,AP,133997.75,0.6880000233650208,0.960780918598175,26693.30078125,180336.0,8250.0,95829.0,38757936.0,893.5281853281854,11606.0
414,2019-03-01,AP3,AP,484972.5,0.9219999909400941,0.9821221828460692,26693.30078125,364418.0,54620.0,228663.0,83815576.0,704.9247535028543,11606.0
415,2019-03-01,AP4,AP,69909.75,0.6669999957084656,0.9735164046287536,26693.30078125,39769.0,17186.0,31147.0,13208255.0,552.7317073170732,11606.0
416,2019-03-01,NC1,NC,94291.5,0.9399999976158142,1.0,26825.638671875,126575.0,71615.0,43050.0,14470991.0,611.4886666666666,21314.0
417,2019-03-01,NC2,NC,133624.75,0.9570000171661376,1.0,26825.638671875,183639.0,85093.0,64474.0,19916074.0,567.2252580449302,21314.0
418,2019-03-01,NC3,NC,908106.25,0.9649999737739564,1.0,26825.638671875,1008328.0,320345.0,575609.0,126863457.0,631.1199400299852,21314.0
419,2019-03-01,NC4,NC,141679.25,0.8209999799728394,1.0,26825.638671875,133363.0,44017.0,80662.0,14978778.0,350.59894921190886,21314.0
420,2019-04-01,AC1,AC,133051.51953125,0.9794370532035828,1.0,28358.080078125,130425.0,40754.0,38225.0,11993342.0,496.4349291975725,15035.0
421,2019-04-01,AC2,AC,166059.55078125,0.9802385568618774,1.0,28358.080078125,148559.0,38837.0,48700.0,16425740.0,594.3709459459459,15035.0
422,2019-04-01,AC3,AC,774471.46875,0.9903602004051208,1.0,28358.080078125,1030813.0,284073.0,242813.0,58771246.0,541.7380042462845,15035.0
423,2019-04-01,AC4,AC,133681.3974609375,0.9285847544670104,1.0,28358.080078125,174186.0,19719.0,65534.0,13367574.0,346.7990697674418,15035.0
424,2019-04-01,AP1,AP,90024.080078125,0.8222702741622925,0.9729999899864196,33658.22265625,159385.0,16562.0,43056.0,18945305.0,973.2992047713718,12725.0
425,2019-04-01,AP2,AP,137556.8984375,0.8246573209762573,0.9940000176429749,33658.22265625,282754.0,36406.0,79077.0,34723704.0,1134.0425,12725.0
426,2019-04-01,AP3,AP,390194.5234375,0.9360496401786804,0.9980000257492064,33658.22265625,676728.0,72838.0,217617.0,83179932.0,984.097966728281,12725.0
427,2019-04-01,AP4,AP,38101.878662109375,0.7998598217964172,0.996999979019165,33658.22265625,39202.0,6739.0,18572.0,6308640.0,447.8896247240617,12725.0
428,2019-04-01,NC1,NC,82931.81640625,0.9763972759246826,1.0,23636.48828125,106541.0,55432.0,17240.0,5642305.0,527.7844638949672,13048.0
429,2019-04-01,NC2,NC,127350.91796875,0.9861438870429992,1.0,23636.48828125,114657.0,50751.0,34051.0,9129072.0,477.0651815181518,13048.0
430,2019-04-01,NC3,NC,782285.765625,0.9884052872657776,1.0,23636.48828125,852797.0,132024.0,317989.0,59032580.0,501.2120592743996,13048.0
431,2019-04-01,NC4,NC,131042.7998046875,0.913341462612152,1.0,23636.48828125,173981.0,18630.0,75583.0,12938941.0,282.4316469321851,13048.0
432,2019-05-01,AC1,AC,133485.12925170086,0.9660000205039978,1.0,25506.353515625,151859.0,43643.0,109496.0,19657304.0,180.0,16321.0
433,2019-05-01,AC2,AC,173881.36818551738,0.9800000190734864,1.0,25506.353515625,201695.0,52270.0,149888.0,26908809.0,180.0,16321.0
434,2019-05-01,AC3,AC,873276.185682402,0.9850000143051147,1.0,25506.353515625,752576.0,265865.0,700940.0,119642987.0,171.0,16321.0
435,2019-05-01,AC4,AC,131905.2836710382,0.9229999780654908,1.0,25506.353515625,140160.0,71591.0,123785.0,21128587.0,171.0,16321.0
436,2019-05-01,AP1,AP,104506.17071611306,0.8930000066757202,0.9976965188980104,39146.7734375,216455.0,123494.0,110561.0,29317353.0,265.0,10998.0
437,2019-05-01,AP2,AP,140033.69968647053,0.902999997138977,0.9946928024291992,39146.7734375,179764.0,103886.0,117554.0,30317739.0,258.0,10998.0
438,2019-05-01,AP3,AP,378859.0196709574,0.9649999737739564,1.0,39146.7734375,836157.0,522390.0,360438.0,90340917.0,251.0,10998.0
439,2019-05-01,AP4,AP,36280.745454545424,0.7990000247955322,0.9993523359298706,39146.7734375,73442.0,44392.0,41992.0,10525011.0,251.0,10998.0
440,2019-05-01,NC1,NC,86891.58805944474,0.9649999737739564,1.0,27503.064453125,77922.0,50369.0,70448.0,11252730.0,160.0,15190.0
441,2019-05-01,NC2,NC,122823.23240363534,0.9789999723434448,1.0,27503.064453125,92567.0,52292.0,90971.0,13199629.0,145.0,15190.0
442,2019-05-01,NC3,NC,722899.799717674,0.977999985218048,1.0,27503.064453125,665368.0,427926.0,696539.0,101596183.0,146.0,15190.0
443,2019-05-01,NC4,NC,120820.02328766642,0.9089999794960022,1.0,27503.064453125,113535.0,73760.0,113050.0,16489232.0,146.0,15190.0
444,2019-06-01,AC1,AC,142961.44258016316,,,-395431.5,130792.0,14886.0,110478.0,19833877.0,180.0,14257.0
445,2019-06-01,AC2,AC,199126.2110332477,,,-395431.5,197793.0,20621.0,170390.0,30589910.0,180.0,14257.0
446,2019-06-01,AC3,AC,623427.0060892947,,,-395431.5,4834.0,50028.0,40227.0,6866312.0,171.0,14257.0
447,2019-06-01,AC4,AC,193272.98281595702,,,-395431.5,150681.0,32244.0,143280.0,24456210.0,171.0,14257.0
448,2019-06-01,AP1,AP,103870.2071093586,,,457611.84375,69901.0,57975.0,88015.0,23338835.0,265.0,11810.0
449,2019-06-01,AP2,AP,146234.58246474146,,,457611.84375,130902.0,48868.0,125634.0,32401627.0,258.0,11810.0
450,2019-06-01,AP3,AP,614022.6825082665,,,457611.84375,384493.0,204278.0,548961.0,137591930.0,251.0,11810.0
451,2019-06-01,AP4,AP,62653.88778705666,,,457611.84375,36626.0,18035.0,51099.0,12807631.0,251.0,11810.0
452,2019-06-01,NC1,NC,89460.81167500836,,,95019.5390625,75005.0,15614.0,72961.0,11653953.0,160.0,14990.0
453,2019-06-01,NC2,NC,126234.21428571884,,,95019.5390625,99865.0,11395.0,103755.0,15054548.0,145.0,14990.0
454,2019-06-01,NC3,NC,905871.3375620084,,,95019.5390625,624845.0,194574.0,678963.0,99033259.0,146.0,14990.0
455,2019-06-01,NC4,NC,163869.79821531128,,,95019.5390625,137909.0,50894.0,127904.0,18655846.0,146.0,14990.0
456,2019-07-01,AC1,AC,129930.17068508777,0.9535321593284608,0.9791110157966614,22187.99609375,132314.0,21679.0,114962.0,20638427.0,180.0,19521.0
457,2019-07-01,AC2,AC,181555.56111351922,0.9687752723693848,1.0,22187.99609375,180772.0,29021.0,149946.0,26918799.0,180.0,19521.0
458,2019-07-01,AC3,AC,679117.6927656903,0.7821340560913086,0.6965067982673645,22187.99609375,1181302.0,34578.0,723161.0,123435497.0,171.0,19521.0
459,2019-07-01,AC4,AC,146468.66666665982,0.9041523933410645,0.9807254672050476,22187.99609375,183402.0,15984.0,100340.0,17126757.0,171.0,19521.0
460,2019-07-01,AP1,AP,103838.84336724126,0.924386203289032,1.0,20427.880859375,88012.0,77111.0,90241.0,23929198.0,265.0,14849.0
461,2019-07-01,AP2,AP,150149.04141008915,0.9323914647102356,1.0,20427.880859375,151178.0,87466.0,125257.0,32304360.0,258.0,14849.0
462,2019-07-01,AP3,AP,410765.66688991,0.9646402597427368,1.0,20427.880859375,558102.0,460237.0,299592.0,75090731.0,251.0,14849.0
463,2019-07-01,AP4,AP,40108.53110774071,0.8313053250312805,0.7261319756507874,20427.880859375,38766.0,17630.0,34886.0,8743950.0,251.0,14849.0
464,2019-07-01,NC1,NC,77612.98622834393,0.9412464499473572,1.0,17070.658203125,85159.0,39334.0,67866.0,10840088.0,160.0,20847.0
465,2019-07-01,NC2,NC,118891.84898037443,0.9622784256935121,1.0,17070.658203125,130755.0,41463.0,104192.0,15118072.0,145.0,20847.0
466,2019-07-01,NC3,NC,677929.6703536247,0.968514621257782,1.0,17070.658203125,859492.0,185445.0,626756.0,91417281.0,146.0,20847.0
467,2019-07-01,NC4,NC,99649.49589454144,0.8938195109367371,1.0,17070.658203125,126499.0,91964.0,77452.0,11297021.0,146.0,20847.0
468,2019-08-01,AC1,AC,130017.49615798856,0.9575117826461792,0.9821357131004332,39465.0625,140181.0,25250.0,95415.0,17129279.0,180.0,20849.0
469,2019-08-01,AC2,AC,183193.26880668453,0.9685685038566588,1.0,39465.0625,155009.0,28147.0,139018.0,24957040.0,180.0,20849.0
470,2019-08-01,AC3,AC,935413.897791346,0.9543206095695496,0.997943878173828,39465.0625,1239156.0,50648.0,870362.0,148560612.0,171.0,20849.0
471,2019-08-01,AC4,AC,154632.16681531948,0.9054133892059326,1.0,39465.0625,137074.0,12883.0,108718.0,18556783.0,171.0,20849.0
472,2019-08-01,AP1,AP,122480.98005170937,0.9357830882072448,1.0,31404.083984375,103675.0,67346.0,96108.0,25484915.0,265.0,15510.0
473,2019-08-01,AP2,AP,162609.58347187712,0.9441498517990112,1.0,31404.083984375,155970.0,83987.0,136116.0,35105061.0,258.0,15510.0
474,2019-08-01,AP3,AP,518570.7012917347,0.9673821330070496,1.0,31404.083984375,554940.0,409393.0,529608.0,132741835.0,251.0,15510.0
475,2019-08-01,AP4,AP,43849.38649055773,0.8171830177307129,0.9112924337387084,31404.083984375,40261.0,15286.0,32831.0,8228950.0,251.0,15510.0
476,2019-08-01,NC1,NC,76681.49710919973,0.9416112899780272,1.0,17473.1171875,46020.0,28654.0,46130.0,7368282.0,160.0,16544.0
477,2019-08-01,NC2,NC,123050.2748485155,0.959250271320343,1.0,17473.1171875,82304.0,28991.0,89694.0,13014219.0,145.0,16544.0
478,2019-08-01,NC3,NC,718878.7559913286,0.96675843000412,1.0,17473.1171875,603014.0,71708.0,587847.0,85742381.0,146.0,16544.0
479,2019-08-01,NC4,NC,110902.5557520426,0.9001520276069641,0.9819999933242798,17473.1171875,103581.0,82019.0,78946.0,11514889.0,146.0,16544.0
