date,sku,brand,offtake_dc,osa,csl,anp,sellin_dc,sp_inv_dc,sellout,sellout_revenue,sellout_price,store_distribution,stage,quantity,pos_value,price
1/1/2016,AC1,AC,85100,NA,NA,7054.477051,82063,NA,NA,NA,NA,5163,AC1,85100,14391.7,169.1151586
1/1/2016,AC2,AC,96270,NA,NA,7054.477051,127923,NA,NA,NA,NA,5163,AC2,96270,16274.86,169.0543264
1/1/2016,AC3,AC,317892,NA,NA,7054.477051,347308,NA,NA,NA,NA,5163,AC3,317892,50522.78,158.9306431
1/1/2016,AC4,AC,43050,NA,NA,7054.477051,35545,NA,NA,NA,NA,5163,AC4,43050,6836.03,158.7927991
1/1/2016,NC1,NC,109587,NA,NA,4796.499512,162712,NA,NA,NA,NA,5953,NC1,109587,13304.75,121.408105
1/1/2016,NC2,NC,126885,NA,NA,4796.499512,152672,NA,NA,NA,NA,5953,NC2,126885,17353.98,136.7693581
1/1/2016,NC3,NC,625363,NA,NA,4796.499512,205607,NA,NA,NA,NA,5953,NC3,625363,78449.5,125.4463408
1/1/2016,NC4,NC,53570,NA,NA,4796.499512,65769,NA,NA,NA,NA,5953,NC4,53570,6673.38,124.5730819
2/1/2016,AC1,AC,68356,NA,NA,4423.211426,71625,NA,NA,NA,NA,4694,AC1,68356,11556.57,169.0644567
2/1/2016,AC2,AC,59789,NA,NA,4423.211426,69507,NA,NA,NA,NA,4694,AC2,59789,10108.48,169.0692268
2/1/2016,AC3,AC,175257,NA,NA,4423.211426,267067,NA,NA,NA,NA,4694,AC3,175257,27835.71,158.8279498
2/1/2016,AC4,AC,25480,NA,NA,4423.211426,27036,NA,NA,NA,NA,4694,AC4,25480,4051.89,159.0223705
2/1/2016,NC1,NC,76001,NA,NA,4680.579102,75835,NA,NA,NA,NA,5448,NC1,76001,9228.99,121.4324812
2/1/2016,NC2,NC,85542,NA,NA,4680.579102,62790,NA,NA,NA,NA,5448,NC2,85542,11689.2,136.6486638
2/1/2016,NC3,NC,305757,NA,NA,4680.579102,252589,NA,NA,NA,NA,5448,NC3,305757,38317.93,125.3215135
2/1/2016,NC4,NC,33433,NA,NA,4680.579102,39823,NA,NA,NA,NA,5448,NC4,33433,4188.46,125.2792151
3/1/2016,AC1,AC,85489,NA,NA,5554.443359,73197,NA,NA,NA,NA,5801,AC1,85489,14451.19,169.0415141
3/1/2016,AC2,AC,98411,NA,NA,5554.443359,77279,NA,NA,NA,NA,5801,AC2,98411,16627.66,168.9613966
3/1/2016,AC3,AC,310841,NA,NA,5554.443359,363417,NA,NA,NA,NA,5801,AC3,310841,49375.81,158.845873
3/1/2016,AC4,AC,41923,NA,NA,5554.443359,77428,NA,NA,NA,NA,5801,AC4,41923,6664.08,158.9599981
3/1/2016,NC1,NC,114558,NA,NA,5973.993652,121126,NA,NA,NA,NA,7090,NC1,114558,13911.24,121.4340334
3/1/2016,NC2,NC,167661,NA,NA,5973.993652,155484,NA,NA,NA,NA,7090,NC2,167661,22891.55,136.5347338
3/1/2016,NC3,NC,626517,NA,NA,5973.993652,605490,NA,NA,NA,NA,7090,NC3,626517,78486.72,125.2746853
3/1/2016,NC4,NC,58079,NA,NA,5973.993652,61122,NA,NA,NA,NA,7090,NC4,58079,7264.47,125.0791164
4/1/2016,AC1,AC,97836,NA,NA,14981.32031,129062,NA,NA,NA,NA,6268,AC1,97836,16544.56,169.1050329
4/1/2016,AC2,AC,113975,NA,NA,14981.32031,100545,NA,NA,NA,NA,6268,AC2,113975,19255.91,168.9485413
4/1/2016,AC3,AC,361824,NA,NA,14981.32031,300266,NA,NA,NA,NA,6268,AC3,361824,57417.63,158.6893904
4/1/2016,AC4,AC,51715,NA,NA,14981.32031,45772,NA,NA,NA,NA,6268,AC4,51715,8216.5,158.8804022
4/1/2016,NC1,NC,99669,NA,NA,19555.60156,22312,NA,NA,NA,NA,6634,NC1,99669,12100.73,121.4091643
4/1/2016,NC2,NC,126472,NA,NA,19555.60156,87253,NA,NA,NA,NA,6634,NC2,126472,17237.01,136.2911158
4/1/2016,NC3,NC,527059,NA,NA,19555.60156,463872,NA,NA,NA,NA,6634,NC3,527059,66229.09,125.6578296
4/1/2016,NC4,NC,54016,NA,NA,19555.60156,85632,NA,NA,NA,NA,6634,NC4,54016,6761.03,125.1671727
5/1/2016,AC1,AC,83884,NA,NA,36136.36719,14056,NA,NA,NA,NA,6167,AC1,83884,14185.54,169.1090077
5/1/2016,AC2,AC,140284,NA,NA,36136.36719,117969,NA,NA,NA,NA,6167,AC2,140284,23699.97,168.9427875
5/1/2016,AC3,AC,308042,NA,NA,36136.36719,412464,NA,NA,NA,NA,6167,AC3,308042,48948.93,158.9034288
5/1/2016,AC4,AC,42289,NA,NA,36136.36719,40705,NA,NA,NA,NA,6167,AC4,42289,6718.19,158.8637707
5/1/2016,NC1,NC,91714,NA,NA,27711.02344,112635,NA,NA,NA,NA,7082,NC1,91714,11133.47,121.3933533
5/1/2016,NC2,NC,174718,NA,NA,27711.02344,92565,NA,NA,NA,NA,7082,NC2,174718,23851.36,136.5134674
5/1/2016,NC3,NC,631983,NA,NA,27711.02344,976080,NA,NA,NA,NA,7082,NC3,631983,79372.55,125.5928561
5/1/2016,NC4,NC,61090,NA,NA,27711.02344,60114,NA,NA,NA,NA,7082,NC4,61090,7641.33,125.083156
6/1/2016,AC1,AC,78421,NA,NA,30825.29883,61086,NA,NA,NA,NA,6902,AC1,78421,13259.13,169.0762678
6/1/2016,AC2,AC,68995,NA,NA,30825.29883,87438,NA,NA,NA,NA,6902,AC2,68995,11664.54,169.0635553
6/1/2016,AC3,AC,418726,NA,NA,30825.29883,189120,NA,NA,NA,NA,6902,AC3,418726,66900.51,159.771569
6/1/2016,AC4,AC,57468,NA,NA,30825.29883,53640,NA,NA,NA,NA,6902,AC4,57468,9173.23,159.6232686
6/1/2016,NC1,NC,119416,NA,NA,27888.24609,130392,NA,NA,NA,NA,7807,NC1,119416,14498.61,121.4126248
6/1/2016,NC2,NC,88043,NA,NA,27888.24609,136818,NA,NA,NA,NA,7807,NC2,88043,12040.69,136.7591972
6/1/2016,NC3,NC,747545,NA,NA,27888.24609,616716,NA,NA,NA,NA,7807,NC3,747545,94483.85,126.3921904
6/1/2016,NC4,NC,87633,NA,NA,27888.24609,85728,NA,NA,NA,NA,7807,NC4,87633,11025.74,125.817215
7/1/2016,AC1,AC,100438,NA,NA,9544.845703,118868,NA,NA,NA,NA,6958,AC1,100438,16979.2,169.0515542
7/1/2016,AC2,AC,81247,NA,NA,9544.845703,51720,NA,NA,NA,NA,6958,AC2,81247,13740.9,169.1250138
7/1/2016,AC3,AC,331848,NA,NA,9544.845703,377478,NA,NA,NA,NA,6958,AC3,331848,53074.66,159.9366577
7/1/2016,AC4,AC,36745,NA,NA,9544.845703,35705,NA,NA,NA,NA,6958,AC4,36745,5847.37,159.1337597
7/1/2016,NC1,NC,109182,NA,NA,8102.100098,140682,NA,NA,NA,NA,7350,NC1,109182,13251.31,121.3689986
7/1/2016,NC2,NC,117907,NA,NA,8102.100098,98397,NA,NA,NA,NA,7350,NC2,117907,16125.88,136.7677916
7/1/2016,NC3,NC,373536,NA,NA,8102.100098,493657,NA,NA,NA,NA,7350,NC3,373536,46981.89,125.7760698
7/1/2016,NC4,NC,52184,NA,NA,8102.100098,69188,NA,NA,NA,NA,7350,NC4,52184,6542.58,125.3752108
8/1/2016,AC1,AC,103942,NA,NA,25882.50781,121684,NA,NA,NA,NA,7492,AC1,103942,17574.56,169.0804487
8/1/2016,AC2,AC,104473,NA,NA,25882.50781,67575,NA,NA,NA,NA,7492,AC2,104473,17670.83,169.1425536
8/1/2016,AC3,AC,418723,NA,NA,25882.50781,417505,NA,NA,NA,NA,7492,AC3,418723,66656.71,159.1904672
8/1/2016,AC4,AC,60684,NA,NA,25882.50781,54221,NA,NA,NA,NA,7492,AC4,60684,9644.92,158.9367873
8/1/2016,NC1,NC,102577,NA,NA,10749.77539,106840,NA,NA,NA,NA,7844,NC1,102577,12448.19,121.3545922
8/1/2016,NC2,NC,119792,NA,NA,10749.77539,106966,NA,NA,NA,NA,7844,NC2,119792,16391.8,136.8355149
8/1/2016,NC3,NC,564775,NA,NA,10749.77539,893189,NA,NA,NA,NA,7844,NC3,564775,71025.13,125.7582754
8/1/2016,NC4,NC,73853,NA,NA,10749.77539,45068,NA,NA,NA,NA,7844,NC4,73853,9258.34,125.3617321
9/1/2016,AC1,AC,115837.75,NA,NA,24952.24023,129857,NA,NA,NA,NA,9322,AC1,115837.75,19588.07,169.0991926
9/1/2016,AC2,AC,152973.75,NA,NA,24952.24023,239216,NA,NA,NA,NA,9322,AC2,152973.75,25879.62,169.1768686
9/1/2016,AC3,AC,540588.5,NA,NA,24952.24023,723053,NA,NA,NA,NA,9322,AC3,540588.5,86048.93,159.1763976
9/1/2016,AC4,AC,58729,NA,NA,24952.24023,93682,NA,NA,NA,NA,9322,AC4,58729,9374.47,159.6225034
9/1/2016,NC1,NC,120205.25,NA,NA,24812.38281,165927,NA,NA,NA,NA,9701,NC1,120205.25,14591.22,121.3858796
9/1/2016,NC2,NC,143160.5,NA,NA,24812.38281,207956,NA,NA,NA,NA,9701,NC2,143160.5,19592.11,136.8541602
9/1/2016,NC3,NC,692878,NA,NA,24812.38281,711108,NA,NA,NA,NA,9701,NC3,692878,87112.52,125.7256256
9/1/2016,NC4,NC,78959.25,NA,NA,24812.38281,103235,NA,NA,NA,NA,9701,NC4,78959.25,9932.95,125.798434
10/1/2016,AC1,AC,131649.75,NA,NA,0,139130,NA,NA,NA,NA,9029,AC1,131649.75,22260.09,169.085699
10/1/2016,AC2,AC,140384,NA,NA,0,159414,NA,NA,NA,NA,9029,AC2,140384,23747.42,169.1604456
10/1/2016,AC3,AC,518636.75,NA,NA,0,622914,NA,NA,NA,NA,9029,AC3,518636.75,81588.8,157.3139582
10/1/2016,AC4,AC,67689,NA,NA,0,102866,NA,NA,NA,NA,9029,AC4,67689,10636.34,157.1354282
10/1/2016,NC1,NC,128416.75,NA,NA,0,182640,NA,NA,NA,NA,9207,NC1,128416.75,15580.77,121.3297331
10/1/2016,NC2,NC,139928.5,NA,NA,0,161758,NA,NA,NA,NA,9207,NC2,139928.5,19144.8,136.8184466
10/1/2016,NC3,NC,623591.5,NA,NA,0,618080,NA,NA,NA,NA,9207,NC3,623591.5,77481.49,124.2503947
10/1/2016,NC4,NC,84608,NA,NA,0,148452,NA,NA,NA,NA,9207,NC4,84608,10485.41,123.9292975
11/1/2016,AC1,AC,121092.75,NA,NA,0,111197,NA,NA,NA,NA,9625,AC1,121092.75,20105.88,166.0370253
11/1/2016,AC2,AC,146988,NA,NA,0,157218,NA,NA,NA,NA,9625,AC2,146988,24033.55,163.5068849
11/1/2016,AC3,AC,734028,NA,NA,0,527994,NA,NA,NA,NA,9625,AC3,734028,116579.99,158.8222656
11/1/2016,AC4,AC,102808.25,NA,NA,0,70413,NA,NA,NA,NA,9625,AC4,102808.25,16096.66,156.5697305
11/1/2016,NC1,NC,138787.25,NA,NA,0,123684,NA,NA,NA,NA,9767,NC1,138787.25,16834.08,121.2941391
11/1/2016,NC2,NC,152383,NA,NA,0,119936,NA,NA,NA,NA,9767,NC2,152383,20026.64,131.423059
11/1/2016,NC3,NC,1103149,NA,NA,0,769700,NA,NA,NA,NA,9767,NC3,1103149,136644.58,123.8677459
11/1/2016,NC4,NC,152879,NA,NA,0,93301,NA,NA,NA,NA,9767,NC4,152879,18793,122.9272824
12/1/2016,AC1,AC,95205.25,NA,NA,0,291249,NA,NA,NA,NA,8038,AC1,95205.25,24336.07,255.6168909
12/1/2016,AC2,AC,103436,NA,NA,0,226105,NA,NA,NA,NA,8038,AC2,103436,26201.63,253.3124831
12/1/2016,AC3,AC,362576,NA,NA,0,811454,NA,NA,NA,NA,8038,AC3,362576,67057.03,184.9461354
12/1/2016,AC4,AC,57805.75,NA,NA,0,91117,NA,NA,NA,NA,8038,AC4,57805.75,10578.09,182.9937333
12/1/2016,NC1,NC,92301.75,NA,NA,0,250229,NA,NA,NA,NA,7670,NC1,92301.75,16601.04,179.8561782
12/1/2016,NC2,NC,85143,NA,NA,0,230968,NA,NA,NA,NA,7670,NC2,85143,18189.29,213.6322422
12/1/2016,NC3,NC,396387,NA,NA,0,765226,NA,NA,NA,NA,7670,NC3,396387,58591.71,147.8144086
12/1/2016,NC4,NC,71083,NA,NA,0,102861,NA,NA,NA,NA,7670,NC4,71083,10308.03,145.0139977
1/1/2017,AC1,AC,181699.5,0.870000005,0.839999974,9058.246094,55788,13961.99903,98698,23929297,372.3910314,10631,AC1,181699.5,30898.67,170.0536875
1/1/2017,AC2,AC,173097.7422,0.910000026,0.899999976,9058.246094,16541,20198,81099,19729215,364.8322516,10631,AC2,173097.7422,29579.77,170.8847824
1/1/2017,AC3,AC,665104.25,0.930000007,1,9058.246094,266495,107671.9995,387130,76295738,309.0304846,10631,AC3,665104.25,106856.89,160.6618662
1/1/2017,AC4,AC,85842,0.860000014,1,9058.246094,52519,29958.99789,45749,9180542,245.8242334,10631,AC4,85842,13862.57,161.4893642
1/1/2017,AP1,AP,4440,0.699999988,1,2329.780029,2790,6561,2844,2224242,1423.695652,427,AP1,4440,1187.13,267.3716216
1/1/2017,AP2,AP,4577,0.730000019,1,2329.780029,924,6981,3191,2449374,1014.237288,427,AP2,4577,1186.88,259.3139611
1/1/2017,AP3,AP,8256,0.74000001,1,2329.780029,7416,22561,12126,7705677,1070.230769,427,AP3,8256,2139.62,259.1593992
1/1/2017,AP4,AP,7,NA,NA,2329.780029,NA,NA,NA,NA,NA,427,AP4,7,1.75,250
1/1/2017,NC1,NC,211959.5,0.920000017,0.980000019,7419.009277,126468,75786.99514,119817,24120332,322.637422,10784,NC1,211959.5,25739.77,121.4372085
1/1/2017,NC2,NC,171749.25,0.920000017,1,7419.009277,95863,90596.99591,82472,15868372,274.0191348,10784,NC2,171749.25,23724.05,138.1318987
1/1/2017,NC3,NC,760491.5938,0.930000007,1,7419.009277,430489,232769.994,425393,68047948,247.42864,10784,NC3,760491.5938,96393.44,126.7514865
1/1/2017,NC4,NC,117637.5,0.860000014,1,7419.009277,72586,34051.99803,56265,9606688,204.4321543,10784,NC4,117637.5,14989.03,127.4171076
2/1/2017,AC1,AC,144708.75,0.769999981,0.790000021,8508.311523,146226,13294,46081,13745604,412.7553594,9510,AC1,144708.75,24591.14,169.9354047
2/1/2017,AC2,AC,151476.25,0.839999974,0.730000019,8508.311523,144681,18829.99901,55540,13870399,370.8056931,9510,AC2,151476.25,25813.18,170.410741
2/1/2017,AC3,AC,409716.75,0.930000007,1,8508.311523,416430,188905,150109,33087103,296.8612811,9510,AC3,409716.75,65760.69,160.5028108
2/1/2017,AC4,AC,59760.5,0.870000005,1,8508.311523,56062,19377,22367,4932440,236.6066746,9510,AC4,59760.5,9639.94,161.3095607
2/1/2017,AP1,AP,10927,0.810000002,1,2000.614014,18300,6215,8195,3746579,830.8839286,669,AP1,10927,2919.76,267.2060035
2/1/2017,AP2,AP,10434,0.810000002,1,2000.614014,12408,4959,6579,2832627,744.877551,669,AP2,10434,2707.09,259.448917
2/1/2017,AP3,AP,18600.5,0.850000024,1,2000.614014,26310,29385,9409,2887128,453.1477273,669,AP3,18600.5,4817.49,258.9978764
2/1/2017,AP4,AP,687,NA,NA,2000.614014,8844,2910,1104,1237659,6230.142857,669,AP4,687,177.4,258.224163
2/1/2017,NC1,NC,163437.5,0.910000026,0.779999971,5285.23877,116765,37874.996,65757,12897728,305.6656217,9768,NC1,163437.5,19844.83,121.421522
2/1/2017,NC2,NC,189936.5,0.930000007,0.980000019,5285.23877,226216,92459.99799,100059,19753943,298.7007201,9768,NC2,189936.5,26184.49,137.8591793
2/1/2017,NC3,NC,465748.5,0.930000007,1,5285.23877,417884,276873.996,175495,29045272,229.8849325,9768,NC3,465748.5,58990.27,126.6569189
2/1/2017,NC4,NC,84046.5,0.870000005,1,5285.23877,113336,50255,29966,5880259,210.5885262,9768,NC4,84046.5,10665.41,126.8989191
3/1/2017,AC1,AC,176248,0.779999971,0.75999999,10623.00391,197981,13321.99899,81262,20015998,377.1191901,11008,AC1,176248,29995.73,170.1904702
3/1/2017,AC2,AC,165607.75,0.829999983,0.949999988,10623.00391,173414,17182.99878,74607,17991624,325.8955286,11008,AC2,165607.75,28277.87,170.7520934
3/1/2017,AC3,AC,705169.7188,0.930000007,0.970000029,10623.00391,679423,227227.0002,340841,66625859,286.0853981,11008,AC3,705169.7188,113270.44,160.6286217
3/1/2017,AC4,AC,94806.5,0.860000014,0.75,10623.00391,84271,24514.99902,32228,6667588,233.4100895,11008,AC4,94806.5,15260.41,160.9637525
3/1/2017,AP1,AP,19738,0.860000014,0.769999981,4491.056152,25170,4359,11189,4691139,594.5706667,1888,AP1,19738,5262.06,266.5953997
3/1/2017,AP2,AP,22125,0.850000024,0.810000002,4491.056152,23899,4513,11168,4885316,597.0403226,1888,AP2,22125,5734.13,259.1697175
3/1/2017,AP3,AP,44566.5,0.899999976,0.930000007,4491.056152,50300,28185,26453,9744166,546.3779385,1888,AP3,44566.5,11397.94,255.751293
3/1/2017,AP4,AP,4927.5,NA,NA,4491.056152,17520,7400,4819,1784313,641.1136364,1888,AP4,4927.5,1266.24,256.9741248
3/1/2017,NC1,NC,150966,0.910000026,0.75,11268.03613,176221,63921.99448,62554,12898057,284.1077605,11248,NC1,150966,18330.71,121.4227707
3/1/2017,NC2,NC,166283.8828,0.920000017,1,11268.03613,155143,70164.99641,77991,14364813,251.1704415,11248,NC2,166283.8828,22951.86,138.0281697
3/1/2017,NC3,NC,869797.25,0.930000007,1,11268.03613,669834,148785.995,393871,63565167,247.7170189,11248,NC3,869797.25,110067.82,126.5442263
3/1/2017,NC4,NC,137410.5,0.870000005,1,11268.03613,116166,33871.99843,44226,7526024,204.9409499,11248,NC4,137410.5,17406.98,126.6786745
4/1/2017,AC1,AC,159895,0.790000021,0.99000001,7533.561035,176832,13166.51397,76851,19595109,396.2567694,10635,AC1,159895,27194.47,170.0770506
4/1/2017,AC2,AC,190119,0.800000012,0.959999979,7533.561035,217722,14685.72902,87793,21640563,379.3676962,10635,AC2,190119,32447.47,170.669265
4/1/2017,AC3,AC,497486.25,0.920000017,1,7533.561035,556944,245543.9316,216795,44554799,312.7620492,10635,AC3,497486.25,80289.26,161.3899078
4/1/2017,AC4,AC,57272.75,0.829999983,0.49000001,7533.561035,12000,11942.83203,6403,1370053,217.6536503,10635,AC4,57272.75,9247.36,161.4617772
4/1/2017,AP1,AP,18977.25,0.769999981,0.800000012,30078.14648,12480,1377.773989,4708,2520703,574.8090909,2343,AP1,18977.25,5058.16,266.5380917
4/1/2017,AP2,AP,24227.25,0.779999971,0.949999988,30078.14648,38958,7242.104874,15760,6087700,583.7208672,2343,AP2,24227.25,6288.86,259.5779546
4/1/2017,AP3,AP,49675.75,0.889999986,1,30078.14648,69798,21170.72992,35097,12930550,504.8003273,2343,AP3,49675.75,12821.08,258.0953483
4/1/2017,AP4,AP,6311,NA,NA,30078.14648,11976,6725.913025,5362,1916900,555.6176471,2343,AP4,6311,1635.59,259.1649501
4/1/2017,NC1,NC,191906,0.899999976,0.99000001,8785.274414,201744,61966.43896,87837,19489028,352.3377351,10906,NC1,191906,23294.8,121.3865121
4/1/2017,NC2,NC,192299.25,0.910000026,0.980000019,8785.274414,183168,51896.2417,96967,17891297,283.0324364,10906,NC2,192299.25,26504.39,137.8288787
4/1/2017,NC3,NC,612017.25,0.920000017,1,8785.274414,699078,214097.0498,268311,44675346,264.0893524,10906,NC3,612017.25,77767.02,127.0667126
4/1/2017,NC4,NC,96709.5,0.850000024,0.99000001,8785.274414,79812,28647.71188,22139,3724384,196.257889,10906,NC4,96709.5,12345.96,127.6602609
5/1/2017,AC1,AC,124899.5,0.810000002,0.540000021,9654.65332,111175,17342.99796,39306,9916921,379.275154,11085,AC1,124899.5,21290.9,170.4642533
5/1/2017,AC2,AC,172501.2344,0.790000021,0.790000021,9654.65332,191575,48605.99756,61148,15192197,363.4473544,11085,AC2,172501.2344,29421.28,170.5569245
5/1/2017,AC3,AC,703026.9688,0.949999988,1,9654.65332,693597,186965.9966,349364,68074543,302.0669445,11085,AC3,703026.9688,112733.82,160.354901
5/1/2017,AC4,AC,84333.5,0.800000012,0.819999993,9654.65332,123048,13468.99887,27206,6588466,258.4192229,11085,AC4,84333.5,13507.04,160.1622131
5/1/2017,AP1,AP,20066.5,0.620000005,0.639999986,20279.44727,11748,782.9970131,2463,1666853,625.1641791,2691,AP1,20066.5,5331.09,265.6711434
5/1/2017,AP2,AP,32166.75,0.819999993,0.99000001,20279.44727,22836,2354.997997,10791,5285854,625.3793103,2691,AP2,32166.75,8309.1,258.3133204
5/1/2017,AP3,AP,65940.5,0.920000017,1,20279.44727,87252,28947.99786,33051,12333043,477.5426009,2691,AP3,65940.5,16840.15,255.3840204
5/1/2017,AP4,AP,8644.25,NA,NA,20279.44727,9384,4073.997993,4038,1652726,590.7115385,2691,AP4,8644.25,2223.9,257.269283
5/1/2017,NC1,NC,153415.7188,0.920000017,0.949999988,17157.62109,116468,17887.9967,53508,11203917,306.9520581,11755,NC1,153415.7188,18628.38,121.424194
5/1/2017,NC2,NC,180176.0234,0.920000017,0.930000007,17157.62109,167994,41686.99878,76236,15061561,285.479955,11755,NC2,180176.0234,24846.62,137.9019224
5/1/2017,NC3,NC,817506.7188,0.949999988,1,17157.62109,836609,174014.9971,363879,60035723,269.6298077,11755,NC3,817506.7188,103313.22,126.3759889
5/1/2017,NC4,NC,120015.25,0.829999983,0.870000005,17157.62109,102311,21548.99829,19312,3600603,208.9266896,11755,NC4,120015.25,15166.67,126.3728568
6/1/2017,AC1,AC,159720.25,0.829999983,0.99000001,15191.67871,214723,24355,92138,23624846,406.364094,11547,AC1,159720.25,26976.62,168.8991847
6/1/2017,AC2,AC,214769,0.779999971,0.970000029,15191.67871,167463,11979,82028,20464171,371.3937102,11547,AC2,214769,36271.73,168.8871765
6/1/2017,AC3,AC,763878.2188,0.930000007,1,15191.67871,442655,56994,259041,52288950,281.6280817,11547,AC3,763878.2188,122132.49,159.8847657
6/1/2017,AC4,AC,110820.5,0.779999971,0.959999979,15191.67871,89226,17169,26659,6335644,247.2644398,11547,AC4,110820.5,17709.18,159.8005784
6/1/2017,AP1,AP,22264.5,0.560000002,0.970000029,11299.93457,54007,6900,21372,9213853,578.3726415,3273,AP1,22264.5,5914.98,265.6686654
6/1/2017,AP2,AP,31196,0.629999995,0.889999986,11299.93457,29214,1792,12033,5256712,514.2442997,3273,AP2,31196,8059.14,258.3388896
6/1/2017,AP3,AP,87952.25,0.920000017,1,11299.93457,83774,20262,41217,14225622,457.3121577,3273,AP3,87952.25,22968.94,261.1523867
6/1/2017,AP4,AP,12320.5,NA,NA,11299.93457,21750,7620,8136,2792642,545.1910112,3273,AP4,12320.5,3255.92,264.2684956
6/1/2017,NC1,NC,108932.2422,0.889999986,0.99000001,27158.74609,130501,41123,54916,11402985,319.3867463,11547,NC1,108932.2422,15188.97,139.4350258
6/1/2017,NC2,NC,202828.6406,0.899999976,1,27158.74609,180778,27965,88576,17480484,286.7661642,11547,NC2,202828.6406,27690.06,136.5194773
6/1/2017,NC3,NC,798371.3125,0.930000007,0.99000001,27158.74609,502741,49609,275861,46142516,242.8115617,11547,NC3,798371.3125,100898.5,126.3804178
6/1/2017,NC4,NC,130934.75,0.790000021,0.889999986,27158.74609,109494,10670,33555,5846446,201.9006574,11547,NC4,130934.75,16398.23,125.2397091
7/1/2017,AC1,AC,196540.25,0.889999986,1,16273.25781,266390,43016,125511,30354618,417.8677686,12086,AC1,196540.25,34066.39,173.3303484
7/1/2017,AC2,AC,232399.25,0.829999983,0.910000026,16273.25781,284433,16886.20001,125376,31271232,430.0889548,12086,AC2,232399.25,40303.36,173.4229349
7/1/2017,AC3,AC,568139.5,0.920000017,1,16273.25781,569419,59443,240090,50286840,301.4274809,12086,AC3,568139.5,92080.52,162.0737865
7/1/2017,AC4,AC,77865,0.790000021,1,16273.25781,97000,26793,23960,5342949,267.7954723,12086,AC4,77865,12691.83,162.9978809
7/1/2017,AP1,AP,25586,0.730000019,0.850000024,3196.993408,23940,4469,9616,4349048,500.0915751,3229,AP1,25586,6892.31,269.3781756
7/1/2017,AP2,AP,32506.75,0.519999981,0.569999993,3196.993408,13158,920,4125,1911100,579.1372549,3229,AP2,32506.75,8489.08,261.1482231
7/1/2017,AP3,AP,89963.75,0.920000017,1,3196.993408,82344,15972,37006,13007000,462.815445,3229,AP3,89963.75,23326.23,259.2847675
7/1/2017,AP4,AP,12163,NA,NA,3196.993408,11352,6058,5308,1916156,516.1104651,3229,AP4,12163,3163.67,260.1060594
7/1/2017,NC1,NC,129972.1797,0.899999976,1,16648.43359,107983,30738,62800,13094910,314.3930443,11561,NC1,129972.1797,18475.89,142.1526518
7/1/2017,NC2,NC,198993.7813,0.889999986,0.99000001,16648.43359,184726,23644,89345,17051143,294.80681,11561,NC2,198993.7813,28135.37,141.3881872
7/1/2017,NC3,NC,656721.25,0.920000017,1,16648.43359,694936,66475,237908,42856774,271.9576248,11561,NC3,656721.25,84362.26,128.4597689
7/1/2017,NC4,NC,101350.75,0.779999971,0.970000029,16648.43359,82631,10091,14284,2973837,241.9940547,11561,NC4,101350.75,12960.7,127.8796654
8/1/2017,AC1,AC,149731.7031,0.899999976,1,34999.57813,178758,75747,95723,22640977,357.1799047,12198,AC1,149731.7031,25474.6,170.1349779
8/1/2017,AC2,AC,207116.9688,0.899999976,0.959999979,34999.57813,202700,5228.999016,127426,29690312,387.2059714,12198,AC2,207116.9688,35437.45,171.0987285
8/1/2017,AC3,AC,749395.625,0.889999986,1,34999.57813,828175,64552,559396,111331530,329.6886859,12198,AC3,749395.625,121060.5,161.5441777
8/1/2017,AC4,AC,106699.0508,0.889999986,0.970000029,34999.57813,125613,16197,88353,16889436,283.4936261,12198,AC4,106699.0508,17231.96,161.5005932
8/1/2017,AP1,AP,31447.99023,0.879999995,0.920000017,6109.53125,66810,13528,38158,13555723,547.1379704,4301,AP1,31447.99023,8392.07,266.8555268
8/1/2017,AP2,AP,42005.61914,0.870000005,0.970000029,6109.53125,65634,3075,39248,13907522,562.2688971,4301,AP2,42005.61914,10903.93,259.5826516
8/1/2017,AP3,AP,106609.6797,0.899999976,1,6109.53125,113010,17540,74436,22775703,442.8342246,4301,AP3,106609.6797,27546.41,258.385637
8/1/2017,AP4,AP,14517.25,NA,NA,6109.53125,11220,3591,9838,2838769,373.9351852,4301,AP4,14517.25,3770.71,259.7399645
8/1/2017,NC1,NC,152576.5354,0.899999976,1,28527.02344,178529,53394,103087,21130602,351.7821739,12281,NC1,152576.5354,21428.71,140.4456455
8/1/2017,NC2,NC,194911.7031,0.889999986,0.959999979,28527.02344,162018,7772,110095,19739125,278.0217129,12281,NC2,194911.7031,26931.19,138.1712312
8/1/2017,NC3,NC,805845.0938,0.889999986,1,28527.02344,873658,72861,624754,103038251,275.7390306,12281,NC3,805845.0938,102697.69,127.4409819
8/1/2017,NC4,NC,134902.8281,0.889999986,0.980000019,28527.02344,165428,14664,108891,17686042,257.1675359,12281,NC4,134902.8281,17187.07,127.4033335
9/1/2017,AC1,AC,147125.5,0.930000007,1,44566.92578,124006,66262,87453,19710438,337.1370864,12504,AC1,147125.5,25021,170.0656922
9/1/2017,AC2,AC,206977.75,0.850000024,0.939999998,44566.92578,193877,4626.999012,116932,27870774,408.1793505,12504,AC2,206977.75,35382.22,170.9469738
9/1/2017,AC3,AC,879025.5,0.930000007,0.949999988,44566.92578,826568,52681,585532,116278206,314.0351482,12504,AC3,879025.5,141687.45,161.1869622
9/1/2017,AC4,AC,109861.75,0.819999993,0.75999999,44566.92578,125580,15301,72334,14531870,278.3220199,12504,AC4,109861.75,17879.66,162.7469069
9/1/2017,AP1,AP,37181.25,0.879999995,0.99000001,7681.13623,63648,27712,30618,10112225,457.4406977,4675,AP1,37181.25,9382.82,252.3535384
9/1/2017,AP2,AP,50360.25,0.769999981,0.99000001,7681.13623,106452,22819,48274,18143174,499.4967603,4675,AP2,50360.25,13056.78,259.2675771
9/1/2017,AP3,AP,130202.75,0.920000017,0.899999976,7681.13623,167802,32293,94091,31357353,482.1447154,4675,AP3,130202.75,32850.02,252.2989722
9/1/2017,AP4,AP,15736,0.810000002,0.75999999,7681.13623,21576,7837,11293,3409472,445.7530364,4675,AP4,15736,3970.07,252.2921962
9/1/2017,NC1,NC,128998.25,0.939999998,1,41781.4375,141140,50870,91982,18278688,324.9367553,13296,NC1,128998.25,18259.29,141.5468039
9/1/2017,NC2,NC,255174.5,0.920000017,1,41781.4375,342010,22987,189959,35753188,325.0407779,13296,NC2,255174.5,35134.86,137.6895419
9/1/2017,NC3,NC,954379,0.939999998,1,41781.4375,1153366,184443,675174,115172325,281.2163603,13296,NC3,954379,120593.37,126.3579458
9/1/2017,NC4,NC,136190,0.810000002,0.99000001,41781.4375,165144,30087,89537,15077930,231.1546392,13296,NC4,136190,17281.64,126.8936045
10/1/2017,AC1,AC,143698.5,0.930000007,0.99000001,47449.99609,126065,82174,72518,17030383,347.4200201,11309,AC1,143698.5,24448.99,170.1408853
10/1/2017,AC2,AC,194233.75,0.779999971,0.980000019,47449.99609,133948,11618.99895,90576,20578189,387.46875,11309,AC2,194233.75,33144.09,170.6402209
10/1/2017,AC3,AC,723065,0.889999986,0.99000001,47449.99609,797207,122088,534611,105740793,329.5363357,11309,AC3,723065,117436.39,162.4147068
10/1/2017,AC4,AC,97875.25,0.790000021,0.870000005,47449.99609,82931,28209,47845,9991530,305.6154721,11309,AC4,97875.25,15994.78,163.4200679
10/1/2017,AP1,AP,41204.25,0.879999995,1,8676.533203,38413,34063,22713,7460274,450.9338843,4553,AP1,41204.25,10597.98,257.2059921
10/1/2017,AP2,AP,56820.5,0.779999971,0.970000029,8676.533203,68568,20777,51920,16590797,451.0057208,4553,AP2,56820.5,14733.67,259.3020125
10/1/2017,AP3,AP,137591.5,0.860000014,0.99000001,8676.533203,121746,43371,78800,24020898,426.1223022,4553,AP3,137591.5,35589.32,258.6592922
10/1/2017,AP4,AP,15671,0.75999999,1,8676.533203,13674,8621,11258,3675144,464.5029586,4553,AP4,15671,4085.1,260.6789611
10/1/2017,NC1,NC,119200.5,0.930000007,1,57024.6875,123356,67092,75008,15071684,332.120283,11560,NC1,119200.5,17216.02,144.4290922
10/1/2017,NC2,NC,225980,0.910000026,1,57024.6875,243724,21918,182245,33026679,303.8389654,11560,NC2,225980,31187.75,138.0111072
10/1/2017,NC3,NC,767959,0.930000007,0.99000001,57024.6875,1006519,243156,726900,118380979,285.423814,11560,NC3,767959,97938.4,127.5307666
10/1/2017,NC4,NC,127901.5,0.800000012,0.980000019,57024.6875,155088,64564,88357,14536287,256.3898488,11560,NC4,127901.5,16380.18,128.0687091
11/1/2017,AC1,AC,139003.7871,0.921999991,1,34338.44141,82077,63401,71369,17412992,331.4037037,10468,AC1,139003.7871,23654.18,170.1693205
11/1/2017,AC2,AC,153067.7813,0.720000029,0.959999979,34338.44141,92496,5237.999012,80828,17385476,358.6525285,10468,AC2,153067.7813,26175.12,171.0034586
11/1/2017,AC3,AC,803992.0313,0.860000014,0.99000001,34338.44141,396579,25240,467255,84773538,298.68,10468,AC3,803992.0313,129197.27,160.6947146
11/1/2017,AC4,AC,122684.4727,0.75,0.899999976,34338.44141,50346,7614,65429,11794392,230.8866242,10468,AC4,122684.4727,19843.48,161.7440216
11/1/2017,AP1,AP,42003.25,0.889999986,0.99000001,6264.062988,30666,25381,26518,9824522,437.804878,5287,AP1,42003.25,10793.83,256.9760673
11/1/2017,AP2,AP,62171.25,0.819999993,0.980000019,6264.062988,51816,17534,37437,12697394,454.6435986,5287,AP2,62171.25,16122.63,259.3261355
11/1/2017,AP3,AP,200243.25,0.860000014,0.980000019,6264.062988,181316,22273,156167,48480094,453.3790022,5287,AP3,200243.25,52209.49,260.7303367
11/1/2017,AP4,AP,26665.5,0.75,1,6264.062988,20730,4469,18010,5429129,432.2866894,5287,AP4,26665.5,6967.26,261.2836812
11/1/2017,NC1,NC,113686.7109,0.930000007,0.99000001,43474.51563,63458,54183,54160,11741537,318.4604135,12269,NC1,113686.7109,16415.05,144.3884678
11/1/2017,NC2,NC,216349.6641,0.910000026,0.930000007,43474.51563,208898,37883,157766,26734219,278.7852734,12269,NC2,216349.6641,29841.25,137.930651
11/1/2017,NC3,NC,1295767.406,0.930000007,0.99000001,43474.51563,654688,68102,792242,123132511,246.6480813,12269,NC3,1295767.406,163886.26,126.4781466
11/1/2017,NC4,NC,236177.8047,0.779999971,0.99000001,43474.51563,120865,18924,176068,27325990,236.6619273,12269,NC4,236177.8047,29590.35,125.2884455
12/1/2017,AC1,AC,141914.5,0.920000017,0.99000001,29860.33984,103866,20729,54251,12937350,325.0397022,11499,AC1,141914.5,24187.79,170.4391729
12/1/2017,AC2,AC,197637.5,0.800000012,0.980000019,29860.33984,267974,16418.99901,173961,39561960,395.7440302,11499,AC2,197637.5,33869.11,171.3698564
12/1/2017,AC3,AC,701174.5,0.860000014,0.99000001,29860.33984,802910,39498,544479,106831787,334.9516386,11499,AC3,701174.5,113703.89,162.1620438
12/1/2017,AC4,AC,91324.5,0.730000019,0.959999979,29860.33984,114219,8126,81881,16362585,296.8953069,11499,AC4,91324.5,14732.09,161.3158572
12/1/2017,AP1,AP,45940.75,0.899999976,1,5496.378906,20413,13278,18100,5571722,370.1008646,4939,AP1,45940.75,12259,266.8437063
12/1/2017,AP2,AP,57448.75,0.860000014,0.949999988,5496.378906,48829,9733,27423,9226443,449.84573,4939,AP2,57448.75,15048.76,261.9510433
12/1/2017,AP3,AP,186661.5,0.879999995,0.970000029,5496.378906,155676,6880,110114,33280026,406.9939819,4939,AP3,186661.5,48283.33,258.667856
12/1/2017,AP4,AP,22545.25,0.699999988,0.899999976,5496.378906,17790,1871,13169,3631292,353,4939,AP4,22545.25,5861.45,259.9860281
12/1/2017,NC1,NC,116164.5,0.899999976,0.99000001,30138.39648,89561,41925,44566,9079373,289.1157837,10915,NC1,116164.5,16772.64,144.3869685
12/1/2017,NC2,NC,200960.5,0.860000014,0.99000001,30138.39648,230310,46155,105709,18061656,252.8929552,10915,NC2,200960.5,27776.39,138.2181573
12/1/2017,NC3,NC,775005,0.879999995,1,30138.39648,775452,52759,422955,67161358,250.202381,10915,NC3,775005,98684.47,127.3339785
12/1/2017,NC4,NC,138307.75,0.730000019,0.970000029,30138.39648,138630,9377,66805,11484639,255.9000917,10915,NC4,138307.75,17622.03,127.4117322
1/1/2018,AC1,AC,183706,0.959999979,0.99000001,35274.73047,256006,26221,139343,35039824,419.6004422,14657,AC1,183706,31248531.72,170.1007682
1/1/2018,AC2,AC,266451,0.910000026,0.99000001,35274.73047,483186,36566,289269,66762572,439.0114679,14657,AC2,266451,45486416.17,170.7121241
1/1/2018,AC3,AC,1127053.5,0.910000026,0.970000029,35274.73047,1297116,51807,909521,182122358,336.5842321,14657,AC3,1127053.5,182506264.4,161.9322104
1/1/2018,AC4,AC,152936.25,0.790000021,0.970000029,35274.73047,263779,15070,141753,28365235,311.4845245,14657,AC4,152936.25,24906856.31,162.8577679
1/1/2018,AP1,AP,61489,0.910000026,0.970000029,5217.495605,76482,14832,39496,14103542,484.9417863,5800,AP1,61489,16412178.94,266.9124386
1/1/2018,AP2,AP,78060.5,0.870000005,0.959999979,5217.495605,109860,12072,57690,20913115,492.0619403,5800,AP2,78060.5,20235899.46,259.2335363
1/1/2018,AP3,AP,188855,0.800000012,0.829999983,5217.495605,149877,2166,106652,31130308,389.4992089,5800,AP3,188855,48926892.81,259.0712071
1/1/2018,AP4,AP,23287.75,0.689999998,0.99000001,5217.495605,35912,5364,23079,7216705,440.212766,5800,AP4,23287.75,6037105.14,259.2395203
1/1/2018,NC1,NC,155645,0.959999979,0.980000019,20642.29688,190680,30304,128374,26803289,390.1425719,14581,NC1,155645,22509097.31,144.6181844
1/1/2018,NC2,NC,254512.75,0.959999979,0.99000001,20642.29688,348614,66422,278158,48533862,316.9880034,14581,NC2,254512.75,35090692.79,137.8740074
1/1/2018,NC3,NC,1208070,0.949999988,0.99000001,20642.29688,1174461,35546,1022668,171378080,286.0681098,14581,NC3,1208070,154693684.4,128.0502657
1/1/2018,NC4,NC,192108.25,0.810000002,0.970000029,20642.29688,264607,6945,186979,30906138,246.2110228,14581,NC4,192108.25,24719858.59,128.6767153
2/1/2018,AC1,AC,135048,0.959999979,1,21704.41797,62387,22293,89494,21135807,388.2032086,11806,AC1,135048,22995267.21,170.2747705
2/1/2018,AC2,AC,185672.75,0.939999998,0.980000019,21704.41797,98577,27190,120945,28200105,386.490941,11806,AC2,185672.75,31775352.95,171.1363296
2/1/2018,AC3,AC,635365.25,0.939999998,0.99000001,21704.41797,548334,62722,597217,118429287,342.3693837,11806,AC3,635365.25,102573297,161.4398915
2/1/2018,AC4,AC,89198.25,0.800000012,0.930000007,21704.41797,43679,24349,66542,14246113,326.7742317,11806,AC4,89198.25,14472732.1,162.2535431
2/1/2018,AP1,AP,46217.75,0.829999983,0.930000007,4603.870605,28363,10462,27246,9693798,484.7118353,4874,AP1,46217.75,12361905.81,267.4709567
2/1/2018,AP2,AP,54924.5,0.779999971,0.920000017,4603.870605,35158,7353,31987,11319403,476.2491639,4874,AP2,54924.5,14260654.46,259.6410429
2/1/2018,AP3,AP,79694.5,0.589999974,0.959999979,4603.870605,49486,7889,69048,22354123,460.0292208,4874,AP3,79694.5,20703405.34,259.7846193
2/1/2018,AP4,AP,14144.5,0.649999976,1,4603.870605,15096,5906,11723,3616490,443.7115385,4874,AP4,14144.5,3677512.76,259.9959532
2/1/2018,NC1,NC,115524,0.959999979,0.939999998,9228.238281,61652,15418,64155,12934437,341.5866237,11456,NC1,115524,16692439.83,144.493264
2/1/2018,NC2,NC,159281.5,0.959999979,0.980000019,9228.238281,30740,53127,74346,14171079,304.65762,11456,NC2,159281.5,22012925.88,138.2013974
2/1/2018,NC3,NC,614687.5,0.939999998,0.99000001,9228.238281,335666,52257,447265,74743483,290.5207627,11456,NC3,614687.5,78475472.43,127.6672658
2/1/2018,NC4,NC,111206.5,0.800000012,0.959999979,9228.238281,103694,19448,78709,13482982,270.5663322,11456,NC4,111206.5,14275103.8,128.3657322
3/1/2018,AC1,AC,168699.791,0.959999979,0.959999979,38443.00781,158722,44510,125573,29713873,394.3795745,13820,AC1,168699.791,28722210.93,170.2563516
3/1/2018,AC2,AC,196525.1594,0.949999988,0.939999998,38443.00781,173548,68783,103121,24869359,379.4558075,13820,AC2,196525.1594,33709192.7,171.5260926
3/1/2018,AC3,AC,1014036.096,0.949999988,0.930000007,38443.00781,901654,143240,733117,142203192,329.8056338,13820,AC3,1014036.096,164129391.4,161.8575433
3/1/2018,AC4,AC,148652.0274,0.790000021,0.939999998,38443.00781,141967,38011,112632,22403563,296.5332447,13820,AC4,148652.0274,24168965.14,162.5875245
3/1/2018,AP1,AP,60064.54,0.839999974,0.930000007,13082.87305,54763,19399,40342,14295798,487.3946188,6328,AP1,60064.54,16037148.35,266.9986043
3/1/2018,AP2,AP,75009.59,0.800000012,0.839999974,13082.87305,83314,13859,66616,21885446,464.696715,6328,AP2,75009.59,19447159.29,259.2623062
3/1/2018,AP3,AP,166650.09,0.600000024,0.899999976,13082.87305,185709,6595,128540,41879492,505.9305963,6328,AP3,166650.09,43169540.33,259.0430064
3/1/2018,AP4,AP,22969,0.680000007,0.819999993,13082.87305,28919,12776,16477,5277508,423.2887324,6328,AP4,22969,5958710.87,259.4240441
3/1/2018,NC1,NC,149016.766,0.959999979,0.939999998,29846.5918,160367,41329,123567,25677428,402.6468599,14073,NC1,149016.766,21527921.89,144.4664414
3/1/2018,NC2,NC,173494.7586,0.959999979,0.75,29846.5918,156520,52867,100025,18452108,306.4339711,14073,NC2,173494.7586,23945981.82,138.0213559
3/1/2018,NC3,NC,1097904.96,0.949999988,0.959999979,29846.5918,1308091,119808,958432,155805523,282.7230668,14073,NC3,1097904.96,139671371.9,127.2162683
3/1/2018,NC4,NC,190088.3159,0.779999971,0.959999979,29846.5918,128621,27087,170008,27551735,246.5538832,14073,NC4,190088.3159,24284106.58,127.7517056
4/1/2018,AC1,AC,150942.3103,0.959999979,0.99000001,30106.20703,167640,73244,106815,26844718,406.3888368,13248,AC1,150942.3103,25664090.74,170.0258243
4/1/2018,AC2,AC,195609.9849,0.939999998,0.980000019,30106.20703,172823,80386,134319,33327078,403.8455685,13248,AC2,195609.9849,33464270.17,171.0764928
4/1/2018,AC3,AC,811646.9806,0.949999988,0.99000001,30106.20703,1016271,408362,675362,135864408,361.8555462,13248,AC3,811646.9806,130935376,161.3205977
4/1/2018,AC4,AC,122132.286,0.779999971,0.920000017,30106.20703,126983,74988,90392,19193823,305.7870662,13248,AC4,122132.286,19761765.35,161.8062349
4/1/2018,AP1,AP,55202.66993,0.829999983,0.959999979,12555.74023,61742,29228,37272,15415355,587.1451292,6611,AP1,55202.66993,14727310.42,266.7861978
4/1/2018,AP2,AP,74552.30992,0.810000002,0.959999979,12555.74023,97847,28885,66081,25824254,574.8921095,6611,AP2,74552.30992,19326572.59,259.2350607
4/1/2018,AP3,AP,173557.1404,0.660000026,0.99000001,12555.74023,290407,31897,211203,66097343,523.1899805,6611,AP3,173557.1404,44705009.64,257.5809301
4/1/2018,AP4,AP,22664.8,0.610000014,0.939999998,12555.74023,26304,15719,20134,7239510,614.6414634,6611,AP4,22664.8,5864587.99,258.7531322
4/1/2018,NC1,NC,127070.7717,0.959999979,0.980000019,22927.94141,138788,76819,87527,18270870,393.3613493,13367,NC1,127070.7717,18356449.84,144.4584746
4/1/2018,NC2,NC,187176.4737,0.959999979,0.99000001,22927.94141,186633,81358,143776,27101583,335.9970797,13367,NC2,187176.4737,25813694.96,137.9110016
4/1/2018,NC3,NC,983486.4127,0.959999979,1,22927.94141,859381,160804,893188,145971184,290.5405201,13367,NC3,983486.4127,125585471.6,127.6941603
4/1/2018,NC4,NC,139058.654,0.75999999,0.939999998,22927.94141,81174,21741,94859,15138058,242.3035382,13367,NC4,139058.654,17749934.17,127.6435062
5/1/2018,AC1,AC,138495.8493,0.959999979,1,43655.24219,161580,115065,93624,20345371,348.5169002,12856,AC1,138495.8493,23589983.93,170.3298983
5/1/2018,AC2,AC,192310.0275,0.949999988,1,43655.24219,219816,129605,136337,29694851,366.2868421,12856,AC2,192310.0275,32997921.01,171.5871057
5/1/2018,AC3,AC,875426.018,0.970000029,1,43655.24219,1095276,531668,822811,158196418,312.2489879,12856,AC3,875426.018,141696087.5,161.8595799
5/1/2018,AC4,AC,125260.1914,0.769999981,0.99000001,43655.24219,160458,82830,129839,24218282,264,12856,AC4,125260.1914,20390051.81,162.7815795
5/1/2018,AP1,AP,57914.25,0.839999974,1,19448.68945,63372,34209,41273,14056096,484.4608333,6203,AP1,57914.25,15448345.68,266.7451565
5/1/2018,AP2,AP,72659,0.819999993,0.980000019,19448.68945,44052,11735,42582,14351884,468.3688058,6203,AP2,72659,18845268.49,259.3659215
5/1/2018,AP3,AP,245306.5,0.769999981,0.99000001,19448.68945,328446,42109,235725,73857165,443.3113807,6203,AP3,245306.5,63365415.67,258.3111971
5/1/2018,AP4,AP,27616.25,0.610000014,1,19448.68945,31194,16832,20109,6460533,500.3916084,6203,AP4,27616.25,7122636.82,257.9146995
5/1/2018,NC1,NC,109114.7893,0.959999979,1,28474.80273,103962,84224,73587,14719590,331.4190428,12899,NC1,109114.7893,15761397.6,144.447858
5/1/2018,NC2,NC,174266.9492,0.959999979,1,28474.80273,199842,125493,126604,22421486,293.160061,12899,NC2,174266.9492,24039811.24,137.9481958
5/1/2018,NC3,NC,918507.7696,0.970000029,1,28474.80273,1038402,264866,794986,132270919,266.3588465,12899,NC3,918507.7696,117370210.6,127.7835795
5/1/2018,NC4,NC,152385.8218,0.75999999,0.970000029,28474.80273,173976,19314,150480,24019739,220.6145218,12899,NC4,152385.8218,19534564.02,128.1914799
6/1/2018,AC1,AC,134046.0703,0.970000029,1,53890.41016,82177,101818,68628,16192860,367.5673034,14367,AC1,134046.0703,22794704.69,170.0512714
6/1/2018,AC2,AC,190249.6104,0.970000029,0.99000001,53890.41016,112161,91126,107968,25639299,367.9491249,14367,AC2,190249.6104,32562337.86,171.1558715
6/1/2018,AC3,AC,1035255.699,0.980000019,0.99000001,53890.41016,970263,807799,574137,115352350,328.0611312,14367,AC3,1035255.699,167226325.2,161.531422
6/1/2018,AC4,AC,143093.8301,0.790000021,0.970000029,53890.41016,119484,131647,61582,12008768,264.3637026,14367,AC4,143093.8301,23161612.12,161.8631083
6/1/2018,AP1,AP,59586.77002,0.870000005,0.99000001,20952.77344,28074,31504,22224,7963018,475.965415,7237,AP1,59586.77002,15903349.23,266.8939636
6/1/2018,AP2,AP,77984.99023,0.829999983,0.959999979,20952.77344,68238,19727,42538,15074823,501.2637465,7237,AP2,77984.99023,20236323.75,259.4899825
6/1/2018,AP3,AP,255005.0498,0.819999993,0.970000029,20952.77344,241380,80921,154622,48212164,500.5385117,7237,AP3,255005.0498,65788650.66,257.9895994
6/1/2018,AP4,AP,30078.25,0.629999995,0.99000001,20952.77344,14592,9456,18442,5773507,551.6823529,7237,AP4,30078.25,7832047.85,260.3890802
6/1/2018,NC1,NC,85440.39988,0.970000029,1,57366.98438,71964,94674,43256,9233185,319.0936696,14222,NC1,85440.39988,12338878.54,144.4150373
6/1/2018,NC2,NC,153463.7402,0.980000019,0.980000019,57366.98438,112541,111615,93183,17337320,282.0138648,14222,NC2,153463.7402,21194593,138.1081483
6/1/2018,NC3,NC,987495.0079,0.980000019,1,57366.98438,979732,462183,688530,114212794,279.5375254,14222,NC3,987495.0079,125972352.6,127.5675842
6/1/2018,NC4,NC,163142.6099,0.779999971,0.959999979,57366.98438,145062,52662,97406,16154638,249.2078431,14222,NC4,163142.6099,20820613.13,127.6221653
7/1/2018,AC1,AC,129139.6299,0.980000019,1,15409.81445,93613,87998,81824,18903988,351.9439834,13776,AC1,129139.6299,21997869.58,170.3417425
7/1/2018,AC2,AC,202472.4134,0.980000019,1,15409.81445,154789,76556,131022,30212614,373.7767183,13776,AC2,202472.4134,34707060.79,171.4162448
7/1/2018,AC3,AC,689632.05,0.980000019,1,15409.81445,446320,636030,512467,101538881,300.877721,13776,AC3,689632.05,111640676.1,161.8844079
7/1/2018,AC4,AC,107614.24,0.819999993,0.99000001,15409.81445,29406,75667,69160,14310594,266.8760208,13776,AC4,107614.24,17508835.92,162.6999914
7/1/2018,AP1,AP,63836.00019,0.870000005,0.99000001,16064.88281,45564,24076,37675,13791448,486.0549801,7611,AP1,63836.00019,17084262.28,267.6273925
7/1/2018,AP2,AP,83945.10986,0.850000024,0.939999998,16064.88281,111102,47734,57304,20429806,506.9072243,7611,AP2,83945.10986,21861070.88,260.421017
7/1/2018,AP3,AP,232018.7096,0.870000005,0.99000001,16064.88281,280956,95488,191580,61675041,446.5567708,7611,AP3,232018.7096,59885113.89,258.1046761
7/1/2018,AP4,AP,21505.75,0.629999995,0.100000001,16064.88281,264,5385,4110,1066738,273.8356164,7611,AP4,21505.75,5584349.89,259.6677582
7/1/2018,NC1,NC,90679.98048,0.980000019,0.99000001,16484.35547,53940,78890,51560,10836901,308.6468857,13704,NC1,90679.98048,13097925.64,144.4412049
7/1/2018,NC2,NC,167150.4395,0.980000019,1,16484.35547,137544,99946,120661,21593502,293.2369592,13704,NC2,167150.4395,23090891.14,138.1443639
7/1/2018,NC3,NC,721164.4798,0.980000019,0.980000019,16484.35547,764148,506359,630399,102916469,261.5254068,13704,NC3,721164.4798,92088606.8,127.6943185
7/1/2018,NC4,NC,123218.8766,0.810000002,0.959999979,16484.35547,176052,111933,101361,16706261,227.5134443,13704,NC4,123218.8766,15790587.15,128.1507151
8/1/2018,AC1,AC,128946.75,0.980000019,1,36237.42578,132961,86842,80638,19973773,398.4354986,14959,AC1,128946.75,21963225.09,170.3278686
8/1/2018,AC2,AC,196695,0.980000019,1,36237.42578,215299,105408,129196,30847093,397.1987903,14959,AC2,196695,33706861.55,171.3661331
8/1/2018,AC3,AC,836194.25,0.980000019,1,36237.42578,726836,607730,599726,121016778,319.5148026,14959,AC3,836194.25,135427371.9,161.9568323
8/1/2018,AC4,AC,118834,0.819999993,1,36237.42578,117693,80038,84371,17636517,303.4218077,14959,AC4,118834,19331590.45,162.6772679
8/1/2018,AP1,AP,67265.49999,0.889999986,1,22551.92773,59809,23940,39712,14429454,472.232644,7593,AP1,67265.49999,18001676.38,267.621238
8/1/2018,AP2,AP,83237.24999,0.870000005,0.930000007,22551.92773,40015,10959,55673,19238788,497.228852,7593,AP2,83237.24999,21681932.14,260.4835232
8/1/2018,AP3,AP,278198.25,0.899999976,0.99000001,22551.92773,258649,95218,193533,62485137,429.2580813,7593,AP3,278198.25,71783252.47,258.0291302
8/1/2018,AP4,AP,23715.5,0.639999986,0.99000001,22551.92773,41935,11388,24635,8030029,540.5484694,7593,AP4,23715.5,6143005.97,259.0291569
8/1/2018,NC1,NC,98865.24998,0.980000019,1,27454.10742,111776,75035,75679.5,15313527,318.8394872,14683,NC1,98865.24998,14280796.21,144.4470753
8/1/2018,NC2,NC,166517,0.980000019,1,27454.10742,154345,89905,120852.5,22188361,299.7320151,14683,NC2,166517,22993220.88,138.0833241
8/1/2018,NC3,NC,885951.5001,0.980000019,1,27454.10742,1051289,761141,661678,110706264,272.2974266,14683,NC3,885951.5001,113551044.7,128.168466
8/1/2018,NC4,NC,142061.75,0.810000002,1,27454.10742,153147,124786,114995,18926399,235.7774725,14683,NC4,142061.75,18223677.24,128.2799715
9/1/2018,AC1,AC,130861.25,0.978299975,1,44612.11719,150469,111166,78339,21108097,456.6434825,16794,AC1,130861.25,22286818.17,170.3087672
9/1/2018,AC2,AC,207533.5,0.978999972,1,44612.11719,230324,131854,142812,35495385,459.1750301,16794,AC2,207533.5,35547509.51,171.2856455
9/1/2018,AC3,AC,912540.25,0.98119998,1,44612.11719,954138,736722,668680,136787858,363.9620368,16794,AC3,912540.25,147108185.2,161.2073388
9/1/2018,AC4,AC,130747.75,0.825900018,1,44612.11719,128120,94644,95349,18917981,282.9787765,16794,AC4,130747.75,21205519.27,162.1864948
9/1/2018,AP1,AP,73542.49999,0.88499999,0.921762943,26997.95898,59944,20927,41204,15429643,532.7634322,8856,AP1,73542.49999,19688940.23,267.7219327
9/1/2018,AP2,AP,92111.25001,0.853100002,0.944314539,26997.95898,92714,15635,55086,19513720,508.5953177,8856,AP2,92111.25001,23979476.85,260.3316842
9/1/2018,AP3,AP,302438.75,0.903400004,0.983816683,26997.95898,393874,235117,204531,60456958,453.6937269,8856,AP3,302438.75,78032496.96,258.0109095
9/1/2018,AP4,AP,27516.25,0.650300026,0.97503674,26997.95898,27084,16416,17547,5263953,363.4778068,8856,AP4,27516.25,7155228.88,260.0364832
9/1/2018,NC1,NC,101732.25,0.976800025,1,27502.79297,144319,117458,70837,15875428,402.187567,16662,NC1,101732.25,14696239.71,144.4599889
9/1/2018,NC2,NC,169318.75,0.982299984,1,27502.79297,199057,121830,116915,23373800,378.2175805,16662,NC2,169318.75,23380179.06,138.0838156
9/1/2018,NC3,NC,887494.25,0.98180002,1,27502.79297,949984,871677,707974,121941038,317.2070029,16662,NC3,887494.25,112895780,127.2073368
9/1/2018,NC4,NC,138987.25,0.811100006,1,27502.79297,153395,144146,113893,19100276,244.3624042,16662,NC4,138987.25,17760094.4,127.7821843
10/1/2018,AC1,AC,117170,0.976300001,1,33940.02344,139542,142420,75552,19386842,452.3368075,15334,AC1,117170,19982672.17,170.5442705
10/1/2018,AC2,AC,206134.25,0.978799999,0.997157633,33940.02344,193826,150898,124757,31145165,449.5282765,15334,AC2,206134.25,35305058.11,171.2721594
10/1/2018,AC3,AC,830843.9999,0.980599999,1,33940.02344,958414,838239,727317,141674719,356.1277275,15334,AC3,830843.9999,134603485.3,162.008133
10/1/2018,AC4,AC,121949,0.83950001,0.99993962,33940.02344,175590,153805,98207,19330270,284.3158258,15334,AC4,121949,19858665.48,162.8440207
10/1/2018,AP1,AP,75027,0.875800014,0.899648309,18406.8418,56863,18639,42044,16106115,562.6067961,8399,AP1,75027,20081234.34,267.653436
10/1/2018,AP2,AP,96772.74999,0.828000009,0.890635788,18406.8418,106858,27048,72552,25448740,527.765359,8399,AP2,96772.74999,25211838.72,260.5262196
10/1/2018,AP3,AP,306432.5,0.905799985,0.997137427,18406.8418,330470,207521,273249,84671265,480.8288608,8399,AP3,306432.5,79138694.88,258.2581641
10/1/2018,AP4,AP,25925.75,0.657599986,0.895876288,18406.8418,33048,20875,20201,6491595,468.1310345,8399,AP4,25925.75,6755626.43,260.5759305
10/1/2018,NC1,NC,90992.75,0.976400018,1,29864.49023,107565,143434,61585,13396026,375.6139089,14877,NC1,90992.75,13141529.96,144.4239234
10/1/2018,NC2,NC,158662.75,0.981100023,1,29864.49023,203698,180019,111988,21722525,346.7160077,14877,NC2,158662.75,21914158.32,138.1178526
10/1/2018,NC3,NC,842070.5,0.98210001,1,29864.49023,1119659,988277,897995,144334940,290.4358846,14877,NC3,842070.5,107935165.3,128.1783002
10/1/2018,NC4,NC,131932.25,0.815299988,1,29864.49023,197277,191177,135329,21267352,232.6651007,14877,NC4,131932.25,16963535.53,128.5776262
11/1/2018,AC1,AC,138342.748,0.977599978,1,27755.81055,88852,115930,65041,17843042,442.2142509,15633,AC1,138342.748,23550294.2,170.231505
11/1/2018,AC2,AC,209919.748,0.98210001,1,27755.81055,213240,160376,122841,31305420,475.9302326,15633,AC2,209919.748,35871372.33,170.8813614
11/1/2018,AC3,AC,1229123.748,0.984899998,1,27755.81055,1246142,1029575,712766,148735424,375.7009143,15633,AC3,1229123.748,197632714.6,160.7915517
11/1/2018,AC4,AC,193236.248,0.852400005,1,27755.81055,135605,127031,117485,23128549,303.2653968,15633,AC4,193236.248,31130653.57,161.1015215
11/1/2018,AP1,AP,81507.001,0.844900012,0.886283994,12003.13574,84504,20817,40611,16773824,590.548124,8677,AP1,81507.001,21787686.14,267.3106098
11/1/2018,AP2,AP,105240.754,0.808200002,0.677117229,12003.13574,44546,8066,44068,14499414,497.055938,8677,AP2,105240.754,27409639.6,260.447009
11/1/2018,AP3,AP,444077.498,0.91930002,0.991848886,12003.13574,366507,192945,257400,81662598,509.2208448,8677,AP3,444077.498,115021684.3,259.0126382
11/1/2018,AP4,AP,39806.748,0.668299973,0.943560243,12003.13574,41136,22523,27074,8463144,422.6098901,8677,AP4,39806.748,10353077.45,260.0834776
11/1/2018,NC1,NC,99652.756,0.977999985,1,38651.76953,55048,117533,45034,10931469,377.7954796,15278,NC1,99652.756,14392225.79,144.4237607
11/1/2018,NC2,NC,165106.248,0.984499991,1,38651.76953,107451,133522,91015,19470183,371.4753234,15278,NC2,165106.248,22741110.87,137.7362223
11/1/2018,NC3,NC,1294276.753,0.985400021,1,38651.76953,1182457,1117161,788265,134301650,313.043662,15278,NC3,1294276.753,164380851.4,127.0059522
11/1/2018,NC4,NC,212421.004,0.83859998,1,38651.76953,154878,181083,120946,20210775,275.8539945,15278,NC4,212421.004,26915060.81,126.7062122
12/1/2018,AC1,AC,159027.494,0.977900028,1,22647.80859,107659,69984,74128,21148753,541.0183861,15638,AC1,159027.494,27072631.24,170.2386836
12/1/2018,AC2,AC,225028.752,0.983900011,1,22647.80859,136056,106264,91393,27144099,552.3389101,15638,AC2,225028.752,38472116.53,170.9653375
12/1/2018,AC3,AC,975667.997,0.986400008,1,22647.80859,706859,666965,586269,131539574,452.6237675,15638,AC3,975667.997,157017420.3,160.9332486
12/1/2018,AC4,AC,137485.751,0.873000026,1,22647.80859,76240,72649,83021,17521173,329.3696498,15638,AC4,137485.751,22310524.64,162.2751775
12/1/2018,AP1,AP,88797.497,0.844699979,0.728953838,25669.17578,33781,6079,27745,11208967,575.0499076,10148,AP1,88797.497,23770422.09,267.6924789
12/1/2018,AP2,AP,97678.996,0.745100021,0.695483327,25669.17578,48973,1689,26864,10364359,563.0011338,10148,AP2,97678.996,25429449.4,260.3369244
12/1/2018,AP3,AP,412092.749,0.942700028,0.990922391,25669.17578,421672,214938,230923,80199855,694.6465356,10148,AP3,412092.749,106158997.1,257.6094758
12/1/2018,AP4,AP,34585.494,0.70450002,0.990209043,25669.17578,44915,26245,24845,8200480,474.2387543,10148,AP4,34585.494,9016102.97,260.6903047
12/1/2018,NC1,NC,111944.255,0.976800025,1,24756.14453,76668,93631,54340,13535722,448.5373134,15194,NC1,111944.255,16169892.31,144.4459326
12/1/2018,NC2,NC,169558.494,0.984000027,1,24756.14453,112037,96562,73547,17895174,442.3376068,15194,NC2,169558.494,23382060.85,137.8996728
12/1/2018,NC3,NC,858262.498,0.986899972,1,24756.14453,529165,780294,525148,98920593,378.7572713,15194,NC3,858262.498,109341707.7,127.3989111
12/1/2018,NC4,NC,140094.001,0.860899985,NA,24756.14453,54996,96204,92605,15856440,281.5233516,15194,NC4,140094.001,17955334.64,128.1663348
1/1/2019,AC1,AC,193156.9609,0.976499975,1,36519.34375,208152,25279,225483,40478161,179.9241621,27473,AC1,193156.9609,24311070.42,125.861736
1/1/2019,AC2,AC,261699.8047,0.982800007,1,36519.34375,247022,28296,294948,52945434,179.9463979,27473,AC2,261699.8047,31992477.66,122.248764
1/1/2019,AC3,AC,1272239.344,0.986000001,1,36519.34375,939449,126663,1247308,212871872,170.9409823,27473,AC3,1272239.344,178134901.8,140.0168158
1/1/2019,AC4,AC,156784.4805,0.894400001,1,36519.34375,115206,22851,134147,22895220,170.9156939,27473,AC4,156784.4805,24004856.5,153.1073511
1/1/2019,AP1,AP,84818.50977,0.651600003,0.836116433,21852.51367,59338,7990,54843,14542673,265,8494,AP1,84818.50977,20157173.4,237.6506432
1/1/2019,AP2,AP,128161.5,0.559499979,0.899999976,21852.51367,168350,12947,142991,36878560,258,8494,AP2,128161.5,25633427.79,200.0087998
1/1/2019,AP3,AP,460728.6016,0.931299984,1,21852.51367,281179,44651,381823,95700497,251,8494,AP3,460728.6016,104156391.5,226.0688637
1/1/2019,AP4,AP,38490.52734,0.752900004,1,21852.51367,35376,18861,32652,8184040,251,8494,AP4,38490.52734,9432923.43,245.0712963
1/1/2019,NC1,NC,122904.25,0.975899994,1,14610.99121,140413,48966,174844,27928340,159.8761073,25623,NC1,122904.25,13443897.22,109.3851288
1/1/2019,NC2,NC,174066.5,0.984600008,1,14610.99121,190902,33505,244315,35444556,144.9551917,25623,NC2,174066.5,18083872.16,103.8905945
1/1/2019,NC3,NC,1179984.094,0.984600008,1,14610.99121,729398,116234,1312698,191424505,145.9037748,25623,NC3,1179984.094,131994089.2,111.8609055
1/1/2019,NC4,NC,153826.8008,0.873399973,NA,14610.99121,120631,38400,154817,22579347,145.9324759,25623,NC4,153826.8008,18375172.74,119.4536495
2/1/2019,AC1,AC,115006.25,0.958798289,1,16851.80859,114947,35220,48527,14339263,566.6885406,9891,AC1,115006.25,15754677.02,136.9897464
2/1/2019,AC2,AC,135634,0.973255336,1,16851.80859,166842,60636,60448,17618730,554.8910985,9891,AC2,135634,17567791.49,129.523508
2/1/2019,AC3,AC,575852.5,0.977803767,1,16851.80859,730862,247236,366041,79530941,517.2407045,9891,AC3,575852.5,83643015.62,145.2507641
2/1/2019,AC4,AC,89672.75,0.879957139,1,16851.80859,107894,34276,55683,11766680,332.583229,9891,AC4,89672.75,14445897.03,161.095729
2/1/2019,AP1,AP,84360.5,0.576292276,0.983643711,12528.87598,154800,15680,64805,31353401,1088.165453,7978,AP1,84360.5,16896380.7,200.2878207
2/1/2019,AP2,AP,62829.5,0.564475775,0.857187569,12528.87598,38382,8163,20317,8782086,847.0338346,7978,AP2,62829.5,13332141.5,212.195569
2/1/2019,AP3,AP,249296.5,0.918332696,0.991109908,12528.87598,313214,60693,148414,52974039,767.3487319,7978,AP3,249296.5,52143698.17,209.1633784
2/1/2019,AP4,AP,27601,0.758930385,0.999393344,12528.87598,29286,19358,16765,8356111,605.2009456,7978,AP4,27601,6870234.4,248.9125177
2/1/2019,NC1,NC,77620.75,0.964784861,1,13659.18359,73687,62174,27585,6254613,415.3513514,7634,NC1,77620.75,8748863.93,112.7129528
2/1/2019,NC2,NC,100517.5,0.977611363,1,13659.18359,106172,52762,42577,9789518,391.9786517,7634,NC2,100517.5,9499440.61,94.50534096
2/1/2019,NC3,NC,487298.25,0.976231277,1,13659.18359,690742,274363,353795,62843474,408.0432588,7634,NC3,487298.25,58993155.28,121.0617015
2/1/2019,NC4,NC,81920.25,0.871786356,NA,13659.18359,88043,37749,59058,10283712,316.9501608,7634,NC4,81920.25,11129366.42,135.8561091
3/1/2019,AC1,AC,138164.75,0.973999977,1,45255.09375,175783,59997,62699,22434625,636.0835214,21455,AC1,138164.75,17787607.19,128.7420068
3/1/2019,AC2,AC,173232.75,0.958000004,1,45255.09375,164800,76868,66991,24090065,634.3137366,21455,AC2,173232.75,22214456.85,128.2347411
3/1/2019,AC3,AC,1055892.75,0.967999995,1,45255.09375,1255969,382448,673995,169388627,672.0094095,21455,AC3,1055892.75,153516899.3,145.3906178
3/1/2019,AC4,AC,155837.25,0.829999983,1,45255.09375,176538,39666,96479,22025645,405.5091036,21455,AC4,155837.25,25387945.26,162.9132012
3/1/2019,AP1,AP,91911,0.745000005,0.946566284,26693.30078,83352,9834,49353,21222053,842.8748929,11606,AP1,91911,19315030.13,210.1492763
3/1/2019,AP2,AP,133997.75,0.688000023,0.960780919,26693.30078,180336,8250,95829,38757936,893.5281853,11606,AP2,133997.75,28575938.67,213.2568545
3/1/2019,AP3,AP,484972.5,0.921999991,0.982122183,26693.30078,364418,54620,228663,83815576,704.9247535,11606,AP3,484972.5,111241122.2,229.3761445
3/1/2019,AP4,AP,69909.75,0.666999996,0.973516405,26693.30078,39769,17186,31147,13208255,552.7317073,11606,AP4,69909.75,17225030.3,246.3895279
3/1/2019,NC1,NC,94291.5,0.939999998,1,26825.63867,126575,71615,43050,14470991,611.4886667,21314,NC1,94291.5,9691854.84,102.7860925
3/1/2019,NC2,NC,133624.75,0.957000017,1,26825.63867,183639,85093,64474,19916074,567.225258,21314,NC2,133624.75,12100239.78,90.55388152
3/1/2019,NC3,NC,908106.25,0.964999974,1,26825.63867,1008328,320345,575609,126863457,631.11994,21314,NC3,908106.25,111568848,122.8588042
3/1/2019,NC4,NC,141679.25,0.82099998,1,26825.63867,133363,44017,80662,14978778,350.5989492,21314,NC4,141679.25,19705005.22,139.0818008
4/1/2019,AC1,AC,133051.5195,0.979437053,1,28358.08008,130425,40754,38225,11993342,496.4349292,15035,AC1,133051.5195,16305504.71,122.5503081
4/1/2019,AC2,AC,166059.5508,0.980238557,1,28358.08008,148559,38837,48700,16425740,594.3709459,15035,AC2,166059.5508,19551856.06,117.7400274
4/1/2019,AC3,AC,774471.4688,0.9903602,1,28358.08008,1030813,284073,242813,58771246,541.7380042,15035,AC3,774471.4688,110909664.2,143.2069078
4/1/2019,AC4,AC,133681.3975,0.928584754,1,28358.08008,174186,19719,65534,13367574,346.7990698,15035,AC4,133681.3975,21783685.24,162.9522555
4/1/2019,AP1,AP,90024.08008,0.822270274,0.97299999,33658.22266,159385,16562,43056,18945305,973.2992048,12725,AP1,90024.08008,17654653.84,196.1103499
4/1/2019,AP2,AP,137556.8984,0.824657321,0.994000018,33658.22266,282754,36406,79077,34723704,1134.0425,12725,AP2,137556.8984,24179962.55,175.7815335
4/1/2019,AP3,AP,390194.5234,0.93604964,0.998000026,33658.22266,676728,72838,217617,83179932,984.0979667,12725,AP3,390194.5234,81816391.07,209.6810338
4/1/2019,AP4,AP,38101.87866,0.799859822,0.996999979,33658.22266,39202,6739,18572,6308640,447.8896247,12725,AP4,38101.87866,9328102.34,244.8200107
4/1/2019,NC1,NC,82931.81641,0.976397276,1,23636.48828,106541,55432,17240,5642305,527.7844639,13048,NC1,82931.81641,7646618.3,92.20367564
4/1/2019,NC2,NC,127350.918,0.986143887,1,23636.48828,114657,50751,34051,9129072,477.0651815,13048,NC2,127350.918,11204721.57,87.98304519
4/1/2019,NC3,NC,782285.7656,0.988405287,1,23636.48828,852797,132024,317989,59032580,501.2120593,13048,NC3,782285.7656,97806721.4,125.0268453
4/1/2019,NC4,NC,131042.7998,0.913341463,1,23636.48828,173981,18630,75583,12938941,282.4316469,13048,NC4,131042.7998,18291462.2,139.5838781
5/1/2019,AC1,AC,133485.1293,0.966000021,1,25506.35352,151859,43643,109496,19657304,180,16321,AC1,180921.2581,24238323.05,133.9716698
5/1/2019,AC2,AC,173881.3682,0.980000019,1,25506.35352,201695,52270,149888,26908809,180,16321,AC2,236593.2354,31560158.68,133.3941718
5/1/2019,AC3,AC,873276.1857,0.985000014,1,25506.35352,752576,265865,700940,119642987,171,16321,AC3,1036330.623,151729760.1,146.4105728
5/1/2019,AC4,AC,131905.2837,0.922999978,1,25506.35352,140160,71591,123785,21128587,171,16321,AC4,140463.5669,23033956.6,163.9852747
5/1/2019,AP1,AP,104506.1707,0.893000007,0.997696519,39146.77344,216455,123494,110561,29317353,265,10998,AP1,138624.5926,28235933.12,203.68632
5/1/2019,AP2,AP,140033.6997,0.902999997,0.994692802,39146.77344,179764,103886,117554,30317739,258,10998,AP2,181642.6489,36759393.95,202.372043
5/1/2019,AP3,AP,378859.0197,0.964999974,1,39146.77344,836157,522390,360438,90340917,251,10998,AP3,439805.7892,97844291.09,222.4715852
5/1/2019,AP4,AP,36280.74545,0.799000025,0.999352336,39146.77344,73442,44392,41992,10525011,251,10998,AP4,39025.99081,9498543.83,243.3902031
5/1/2019,NC1,NC,86891.58806,0.964999974,1,27503.06445,77922,50369,70448,11252730,160,15190,NC1,128509.4279,14089493.3,109.6378182
5/1/2019,NC2,NC,122823.2324,0.978999972,1,27503.06445,92567,52292,90971,13199629,145,15190,NC2,178560.7129,18070458.83,101.2006423
5/1/2019,NC3,NC,722899.7997,0.977999985,1,27503.06445,665368,427926,696539,101596183,146,15190,NC3,876702.0966,107989216.6,123.1766378
5/1/2019,NC4,NC,120820.0233,0.908999979,1,27503.06445,113535,73760,113050,16489232,146,15190,NC4,129666.0467,18145343.43,139.9390503
6/1/2019,AC1,AC,142961.4426,NA,NA,-395431.5,130792,14886,110478,19833877,180,14257,AC1,204080.384,25990620.39,127.3548191
6/1/2019,AC2,AC,199126.211,NA,NA,-395431.5,197793,20621,170390,30589910,180,14257,AC2,279110.672,36167634.09,129.5816954
6/1/2019,AC3,AC,623427.0061,NA,NA,-395431.5,4834,50028,40227,6866312,171,14257,AC3,695697.5139,108207556.9,155.5382256
6/1/2019,AC4,AC,193272.9828,NA,NA,-395431.5,150681,32244,143280,24456210,171,14257,AC4,202629.2152,33725905.55,166.4414754
6/1/2019,AP1,AP,103870.2071,NA,NA,457611.8438,69901,57975,88015,23338835,265,11810,AP1,133629.4141,28036249.11,209.8059719
6/1/2019,AP2,AP,146234.5825,NA,NA,457611.8438,130902,48868,125634,32401627,258,11810,AP2,183088.9145,38328655.47,209.3444903
6/1/2019,AP3,AP,614022.6825,NA,NA,457611.8438,384493,204278,548961,137591930,251,11810,AP3,683912.8622,160616779.1,234.849771
6/1/2019,AP4,AP,62653.88779,NA,NA,457611.8438,36626,18035,51099,12807631,251,11810,AP4,66635.02548,16641723.09,249.7443795
6/1/2019,NC1,NC,89460.81168,NA,NA,95019.53906,75005,15614,72961,11653953,160,14990,NC1,132728.3742,14504541.24,109.2798833
6/1/2019,NC2,NC,126234.2143,NA,NA,95019.53906,99865,11395,103755,15054548,145,14990,NC2,183703.9291,18568537.8,101.07861
6/1/2019,NC3,NC,905871.3376,NA,NA,95019.53906,624845,194574,678963,99033259,146,14990,NC3,1037152.431,136333839,131.4501465
6/1/2019,NC4,NC,163869.7982,NA,NA,95019.53906,137909,50894,127904,18655846,146,14990,NC4,174266.0961,24786479.49,142.2335156
7/1/2019,AC1,AC,129930.1707,0.953532159,0.979111016,22187.99609,132314,21679,114962,20638427,180,19521,AC1,188772.3414,34468103.19,182.5908548
7/1/2019,AC2,AC,181555.5611,0.968775272,1,22187.99609,180772,29021,149946,26918799,180,19521,AC2,268648.1223,49076733.37,182.6803513
7/1/2019,AC3,AC,679117.6928,0.782134056,0.696506798,22187.99609,1181302,34578,723161,123435497,171,19521,AC3,764246.6356,133479564,174.6550888
7/1/2019,AC4,AC,146468.6667,0.904152393,0.980725467,22187.99609,183402,15984,100340,17126757,171,19521,AC4,159107.8333,27635735.27,173.6918585
7/1/2019,AP1,AP,103838.8434,0.924386203,1,20427.88086,88012,77111,90241,23929198,265,14849,AP1,133935.6867,36213922.96,270.3829266
7/1/2019,AP2,AP,150149.0414,0.932391465,1,20427.88086,151178,87466,125257,32304360,258,14849,AP2,195208.5829,51297646.96,262.783768
7/1/2019,AP3,AP,410765.6669,0.96464026,1,20427.88086,558102,460237,299592,75090731,251,14849,AP3,491920.5838,127370949.1,258.9258374
7/1/2019,AP4,AP,40108.53111,0.831305325,0.726131976,20427.88086,38766,17630,34886,8743950,251,14849,AP4,44638.56222,11622566.37,260.370536
7/1/2019,NC1,NC,77612.98623,0.94124645,1,17070.6582,85159,39334,67866,10840088,160,20847,NC1,116767.7225,19005974.19,162.7673623
7/1/2019,NC2,NC,118891.849,0.962278426,1,17070.6582,130755,41463,104192,15118072,145,20847,NC2,182551.198,26995896.26,147.8812331
7/1/2019,NC3,NC,677929.6704,0.968514621,1,17070.6582,859492,185445,626756,91417281,146,20847,NC3,878433.0904,131620672.6,149.8357405
7/1/2019,NC4,NC,99649.49589,0.893819511,1,17070.6582,126499,91964,77452,11297021,146,20847,NC4,112084.9918,16742629.98,149.3744141
8/1/2019,AC1,AC,130017.4962,0.957511783,0.982135713,39465.0625,140181,25250,95415,17129279,180,20849,AC1,130022.4962,23632508.16,181.7570716
8/1/2019,AC2,AC,183193.2688,0.968568504,1,39465.0625,155009,28147,139018,24957040,180,20849,AC2,183196.2688,33300055.37,181.7725633
8/1/2019,AC3,AC,935413.8978,0.95432061,0.997943878,39465.0625,1239156,50648,870362,148560612,171,20849,AC3,935430.8982,163394999.5,174.6735112
8/1/2019,AC4,AC,154632.1668,0.905413389,1,39465.0625,137074,12883,108718,18556783,171,20849,AC4,154638.1668,26992273.88,174.5511761
8/1/2019,AP1,AP,122480.9801,0.935783088,1,31404.08398,103675,67346,96108,25484915,265,15510,AP1,122503.9801,33049174.2,269.7804118
8/1/2019,AP2,AP,162609.5835,0.944149852,1,31404.08398,155970,83987,136116,35105061,258,15510,AP2,162645.5835,42647900.52,262.2137017
8/1/2019,AP3,AP,518570.7013,0.967382133,1,31404.08398,554940,409393,529608,132741835,251,15510,AP3,518627.7013,134216596.9,258.7918011
8/1/2019,AP4,AP,43849.38649,0.817183018,0.911292434,31404.08398,40261,15286,32831,8228950,251,15510,AP4,43849.3865,11525450.88,262.8417819
8/1/2019,NC1,NC,76681.49711,0.94161129,1,17473.11719,46020,28654,46130,7368282,160,16544,NC1,76681.49708,12428165.85,162.0751592
8/1/2019,NC2,NC,123050.2748,0.959250271,1,17473.11719,82304,28991,89694,13014219,145,16544,NC2,123055.2748,18126896.78,147.3069464
8/1/2019,NC3,NC,718878.756,0.96675843,1,17473.11719,603014,71708,587847,85742381,146,16544,NC3,718890.756,108305212.8,150.6560098
8/1/2019,NC4,NC,110902.5558,0.900152028,0.981999993,17473.11719,103581,82019,78946,11514889,146,16544,NC4,110910.5558,16604559.31,149.7112623
